station_no,station_key,station_name,display_name,available_lines,candidate_station_uids,project_branches,is_transfer_station,is_event_station,alias_or_note,memo,n_lines,is_branch_node
1,서울역,서울역,서울역,"1,4",1_서울역;4_서울역,1:main;4:main,True,False,,,2,False
2,시청,시청,시청역,"1,2",1_시청;2_시청,1:main;2:main,True,True,,,2,False
3,종각,종각,종각역,1,1_종각,1:main,False,True,,,1,False
4,종로3가,종로3가,종로3가역,"1,3,5",1_종로3가;3_종로3가;5_종로3가,1:main;3:main;5:common,True,False,,,3,False
5,종로5가,종로5가,종로5가역,1,1_종로5가,1:main,False,False,,,1,False
6,동대문,동대문,동대문역,"1,4",1_동대문;4_동대문,1:main;4:main,True,False,,,2,False
7,동묘앞,동묘앞,동묘앞역,"1,6",1_동묘앞;6_동묘앞,1:main;6:main,True,False,,,2,False
8,신설동,신설동,신설동역,"1,2",1_신설동;2_신설동,1:main;2:seongsu_branch,True,False,,,2,False
9,제기동,제기동,제기동역,1,1_제기동,1:main,False,False,,,1,False
10,청량리,청량리,청량리역,1,1_청량리,1:main,False,False,청량리(서울시립대입구),,1,False
11,을지로입구,을지로입구,을지로입구역,2,2_을지로입구,2:main,False,False,,,1,False
12,을지로3가,을지로3가,을지로3가역,"2,3",2_을지로3가;3_을지로3가,2:main;3:main,True,False,,,2,False
13,을지로4가,을지로4가,을지로4가역,"2,5",2_을지로4가;5_을지로4가,2:main;5:common,True,False,,,2,False
14,동대문역사문화공원,동대문역사문화공원,동대문역사문화공원역,"2,4,5",2_동대문역사문화공원;4_동대문역사문화공원;5_동대문역사문화공원,2:main;4:main;5:common,True,False,동대문역사문화공원(DDP),,3,False
15,신당,신당,신당역,"2,6",2_신당;6_신당,2:main;6:main,True,False,,,2,False
16,상왕십리,상왕십리,상왕십리역,2,2_상왕십리,2:main,False,False,,,1,False
17,왕십리,왕십리,왕십리역,"2,5",2_왕십리;5_왕십리,2:main;5:common,True,False,,,2,False
18,한양대,한양대,한양대역,2,2_한양대,2:main,False,True,,,1,False
19,뚝섬,뚝섬,뚝섬역,2,2_뚝섬,2:main,False,False,,,1,False
20,성수,성수,성수역,2,2_성수;2_성수@seongsu_branch,2:main;2:seongsu_branch,False,False,,,1,True
21,건대입구,건대입구,건대입구역,"2,7",2_건대입구;7_건대입구,2:main;7:main,True,True,,,2,False
22,구의,구의,구의역,2,2_구의,2:main,False,False,,,1,False
23,강변,강변,강변역,2,2_강변,2:main,False,False,,,1,False
24,잠실나루,잠실나루,잠실나루역,2,2_잠실나루,2:main,False,False,,,1,False
25,잠실,잠실,잠실역,"2,8",2_잠실;8_잠실,2:main;8:main,True,False,,,2,False
26,잠실새내,잠실새내,잠실새내역,2,2_잠실새내,2:main,False,False,,,1,False
27,종합운동장,종합운동장,종합운동장역,"2,9",2_종합운동장;9L_종합운동장;9X_종합운동장,2:main;9L:main;9X:main,True,True,,,2,False
28,삼성,삼성,삼성역,2,2_삼성,2:main,False,True,,,1,False
29,선릉,선릉,선릉역,2,2_선릉,2:main,False,False,,,1,False
30,역삼,역삼,역삼역,2,2_역삼,2:main,False,False,,,1,False
31,강남,강남,강남역,2,2_강남,2:main,False,False,,,1,False
32,교대,교대,교대역,"2,3",2_교대;3_교대,2:main;3:main,True,False,,,2,False
33,서초,서초,서초역,2,2_서초,2:main,False,False,,,1,False
34,방배,방배,방배역,2,2_방배,2:main,False,False,,,1,False
35,사당,사당,사당역,"2,4",2_사당;4_사당,2:main;4:main,True,False,,,2,False
36,낙성대,낙성대,낙성대역,2,2_낙성대,2:main,False,False,,,1,False
37,서울대입구,서울대입구,서울대입구역,2,2_서울대입구,2:main,False,False,,,1,False
38,봉천,봉천,봉천역,2,2_봉천,2:main,False,False,,,1,False
39,신림,신림,신림역,2,2_신림,2:main,False,False,,,1,False
40,신대방,신대방,신대방역,2,2_신대방,2:main,False,False,,,1,False
41,구로디지털단지,구로디지털단지,구로디지털단지역,2,2_구로디지털단지,2:main,False,False,,,1,False
42,대림,대림,대림역,"2,7",2_대림;7_대림,2:main;7:main,True,False,,,2,False
43,신도림,신도림,신도림역,2,2_신도림;2_신도림@sinjeong_branch,2:main;2:sinjeong_branch,False,False,,,1,True
44,문래,문래,문래역,2,2_문래,2:main,False,False,,,1,False
45,영등포구청,영등포구청,영등포구청역,"2,5",2_영등포구청;5_영등포구청,2:main;5:common,True,False,,,2,False
46,당산,당산,당산역,"2,9",2_당산;9L_당산;9X_당산,2:main;9L:main;9X:main,True,False,,,2,False
47,합정,합정,합정역,"2,6",2_합정;6_합정,2:main;6:main,True,False,,,2,False
48,홍대입구,홍대입구,홍대입구역,2,2_홍대입구,2:main,False,True,,,1,False
49,신촌,신촌,신촌역,2,2_신촌,2:main,False,True,,,1,False
50,이대,이대,이대역,2,2_이대,2:main,False,True,,,1,False
51,아현,아현,아현역,2,2_아현,2:main,False,False,,,1,False
52,충정로,충정로,충정로역,"2,5",2_충정로;5_충정로,2:main;5:common,True,False,,,2,False
53,용답,용답,용답역,2,2_용답,2:seongsu_branch,False,False,,,1,False
54,신답,신답,신답역,2,2_신답,2:seongsu_branch,False,False,,,1,False
55,용두,용두,용두역,2,2_용두,2:seongsu_branch,False,False,,,1,False
56,도림천,도림천,도림천역,2,2_도림천,2:sinjeong_branch,False,False,,,1,False
57,양천구청,양천구청,양천구청역,2,2_양천구청,2:sinjeong_branch,False,False,,,1,False
58,신정네거리,신정네거리,신정네거리역,2,2_신정네거리,2:sinjeong_branch,False,False,,,1,False
59,까치산,까치산,까치산역,"2,5",2_까치산;5_까치산,2:sinjeong_branch;5:common,True,False,,,2,False
60,지축,지축,지축역,3,3_지축,3:main,False,False,,,1,False
61,구파발,구파발,구파발역,3,3_구파발,3:main,False,False,,,1,False
62,연신내,연신내,연신내역,"3,6",3_연신내;6_연신내,3:main;6:main,True,False,,,2,False
63,불광,불광,불광역,"3,6",3_불광;6_불광,3:main;6:main,True,False,,,2,False
64,녹번,녹번,녹번역,3,3_녹번,3:main,False,False,,,1,False
65,홍제,홍제,홍제역,3,3_홍제,3:main,False,False,,,1,False
66,무악재,무악재,무악재역,3,3_무악재,3:main,False,False,,,1,False
67,독립문,독립문,독립문역,3,3_독립문,3:main,False,False,,,1,False
68,경복궁,경복궁,경복궁역,3,3_경복궁,3:main,False,True,경복궁(정부서울청사),,1,False
69,안국,안국,안국역,3,3_안국,3:main,False,False,,,1,False
70,충무로,충무로,충무로역,"3,4",3_충무로;4_충무로,3:main;4:main,True,False,,,2,False
71,동대입구,동대입구,동대입구역,3,3_동대입구,3:main,False,True,,,1,False
72,약수,약수,약수역,"3,6",3_약수;6_약수,3:main;6:main,True,False,,,2,False
73,금호,금호,금호역,3,3_금호,3:main,False,False,,,1,False
74,옥수,옥수,옥수역,3,3_옥수,3:main,False,False,,,1,False
75,압구정,압구정,압구정역,3,3_압구정,3:main,False,False,,,1,False
76,신사,신사,신사역,3,3_신사,3:main,False,False,,,1,False
77,잠원,잠원,잠원역,3,3_잠원,3:main,False,False,,,1,False
78,고속터미널,고속터미널,고속터미널역,"3,7,9",3_고속터미널;7_고속터미널;9L_고속터미널;9X_고속터미널,3:main;7:main;9L:main;9X:main,True,False,,,3,False
79,남부터미널,남부터미널,남부터미널역,3,3_남부터미널,3:main,False,False,,,1,False
80,양재,양재,양재역,3,3_양재,3:main,False,False,,,1,False
81,매봉,매봉,매봉역,3,3_매봉,3:main,False,False,,,1,False
82,도곡,도곡,도곡역,3,3_도곡,3:main,False,False,,,1,False
83,대치,대치,대치역,3,3_대치,3:main,False,False,,,1,False
84,학여울,학여울,학여울역,3,3_학여울,3:main,False,True,,,1,False
85,대청,대청,대청역,3,3_대청,3:main,False,False,,,1,False
86,일원,일원,일원역,3,3_일원,3:main,False,False,,,1,False
87,수서,수서,수서역,3,3_수서,3:main,False,False,,,1,False
88,가락시장,가락시장,가락시장역,"3,8",3_가락시장;8_가락시장,3:main;8:main,True,False,,,2,False
89,경찰병원,경찰병원,경찰병원역,3,3_경찰병원,3:main,False,False,,,1,False
90,오금,오금,오금역,"3,5",3_오금;5_오금,3:main;5:macheon_branch,True,False,,,2,False
91,불암산,불암산,불암산역,4,4_불암산,4:main,False,False,당고개,,1,False
92,상계,상계,상계역,4,4_상계,4:main,False,False,,,1,False
93,노원,노원,노원역,"4,7",4_노원;7_노원,4:main;7:main,True,False,,,2,False
94,창동,창동,창동역,4,4_창동,4:main,False,False,,,1,False
95,쌍문,쌍문,쌍문역,4,4_쌍문,4:main,False,False,,,1,False
96,수유,수유,수유역,4,4_수유,4:main,False,False,,,1,False
97,미아,미아,미아역,4,4_미아,4:main,False,False,,,1,False
98,미아사거리,미아사거리,미아사거리역,4,4_미아사거리,4:main,False,False,,,1,False
99,길음,길음,길음역,4,4_길음,4:main,False,False,,,1,False
100,성신여대입구,성신여대입구,성신여대입구역,4,4_성신여대입구,4:main,False,False,,,1,False
101,한성대입구,한성대입구,한성대입구역,4,4_한성대입구,4:main,False,False,,,1,False
102,혜화,혜화,혜화역,4,4_혜화,4:main,False,True,,,1,False
103,명동,명동,명동역,4,4_명동,4:main,False,False,,,1,False
104,회현,회현,회현역,4,4_회현,4:main,False,False,,,1,False
105,숙대입구,숙대입구,숙대입구역,4,4_숙대입구,4:main,False,True,숙대입구(갈월),,1,False
106,삼각지,삼각지,삼각지역,"4,6",4_삼각지;6_삼각지,4:main;6:main,True,False,,,2,False
107,신용산,신용산,신용산역,4,4_신용산,4:main,False,False,,,1,False
108,이촌,이촌,이촌역,4,4_이촌,4:main,False,False,,,1,False
109,동작,동작,동작역,"4,9",4_동작;9L_동작;9X_동작,4:main;9L:main;9X:main,True,False,,,2,False
110,이수,이수,이수역,"4,7",4_이수;7_이수,4:main;7:main,True,False,총신대입구(이수),,2,False
111,남태령,남태령,남태령역,4,4_남태령,4:main,False,False,,,1,False
112,방화,방화,방화역,5,5_방화,5:common,False,False,,,1,False
113,개화산,개화산,개화산역,5,5_개화산,5:common,False,False,,,1,False
114,김포공항,김포공항,김포공항역,"5,9",5_김포공항;9L_김포공항;9X_김포공항,5:common;9L:main;9X:main,True,False,,,2,False
115,송정,송정,송정역,5,5_송정,5:common,False,False,,,1,False
116,마곡,마곡,마곡역,5,5_마곡,5:common,False,False,,,1,False
117,발산,발산,발산역,5,5_발산,5:common,False,False,,,1,False
118,우장산,우장산,우장산역,5,5_우장산,5:common,False,False,,,1,False
119,화곡,화곡,화곡역,5,5_화곡,5:common,False,False,,,1,False
120,신정,신정,신정역,5,5_신정,5:common,False,False,,,1,False
121,목동,목동,목동역,5,5_목동,5:common,False,False,,,1,False
122,오목교,오목교,오목교역,5,5_오목교,5:common,False,False,,,1,False
123,양평,양평,양평역,5,5_양평,5:common,False,False,,,1,False
124,영등포시장,영등포시장,영등포시장역,5,5_영등포시장,5:common,False,False,,,1,False
125,신길,신길,신길역,5,5_신길,5:common,False,False,,,1,False
126,여의도,여의도,여의도역,"5,9",5_여의도;9L_여의도;9X_여의도,5:common;9L:main;9X:main,True,False,,,2,False
127,여의나루,여의나루,여의나루역,5,5_여의나루,5:common,False,True,,,1,False
128,마포,마포,마포역,5,5_마포,5:common,False,False,,,1,False
129,공덕,공덕,공덕역,"5,6",5_공덕;6_공덕,5:common;6:main,True,False,,,2,False
130,애오개,애오개,애오개역,5,5_애오개,5:common,False,False,,,1,False
131,서대문,서대문,서대문역,5,5_서대문,5:common,False,False,,,1,False
132,광화문,광화문,광화문역,5,5_광화문,5:common,False,True,광화문(세종문화회관),,1,False
133,청구,청구,청구역,"5,6",5_청구;6_청구,5:common;6:main,True,False,,,2,False
134,신금호,신금호,신금호역,5,5_신금호,5:common,False,False,,,1,False
135,행당,행당,행당역,5,5_행당,5:common,False,False,,,1,False
136,마장,마장,마장역,5,5_마장,5:common,False,False,,,1,False
137,답십리,답십리,답십리역,5,5_답십리,5:common,False,False,,,1,False
138,장한평,장한평,장한평역,5,5_장한평,5:common,False,False,,,1,False
139,군자,군자,군자역,"5,7",5_군자;7_군자,5:common;7:main,True,False,,,2,False
140,아차산,아차산,아차산역,5,5_아차산,5:common,False,False,,,1,False
141,광나루,광나루,광나루역,5,5_광나루,5:common,False,True,,,1,False
142,천호,천호,천호역,"5,8",5_천호;8_천호,5:common;8:main,True,False,,,2,False
143,강동,강동,강동역,5,5_강동;5_강동@macheon_branch,5:common;5:hanam_branch;5:macheon_branch,False,False,,,1,True
144,길동,길동,길동역,5,5_길동,5:hanam_branch,False,False,,,1,False
145,굽은다리,굽은다리,굽은다리역,5,5_굽은다리,5:hanam_branch,False,False,,,1,False
146,명일,명일,명일역,5,5_명일,5:hanam_branch,False,False,,,1,False
147,고덕,고덕,고덕역,5,5_고덕,5:hanam_branch,False,False,,,1,False
148,상일동,상일동,상일동역,5,5_상일동,5:hanam_branch,False,False,,,1,False
149,강일,강일,강일역,5,5_강일,5:hanam_branch,False,False,,,1,False
150,미사,미사,미사역,5,5_미사,5:hanam_branch,False,False,,,1,False
151,하남풍산,하남풍산,하남풍산역,5,5_하남풍산,5:hanam_branch,False,False,,,1,False
152,하남시청,하남시청,하남시청역,5,5_하남시청,5:hanam_branch,False,False,하남시청(덕풍·신장),,1,False
153,하남검단산,하남검단산,하남검단산역,5,5_하남검단산,5:hanam_branch,False,False,,,1,False
154,둔촌동,둔촌동,둔촌동역,5,5_둔촌동,5:macheon_branch,False,False,,,1,False
155,올림픽공원,올림픽공원,올림픽공원역,"5,9",5_올림픽공원;9L_올림픽공원;9X_올림픽공원,5:macheon_branch;9L:main;9X:main,True,True,,,2,False
156,방이,방이,방이역,5,5_방이,5:macheon_branch,False,False,,,1,False
157,개롱,개롱,개롱역,5,5_개롱,5:macheon_branch,False,False,,,1,False
158,거여,거여,거여역,5,5_거여,5:macheon_branch,False,False,,,1,False
159,마천,마천,마천역,5,5_마천,5:macheon_branch,False,False,,,1,False
160,응암,응암,응암역,6,6_응암;6_응암@eungam_loop,6:main,False,False,,,1,True
161,역촌,역촌,역촌역,6,6_역촌,6:main,False,False,,,1,False
162,독바위,독바위,독바위역,6,6_독바위,6:main,False,False,,,1,False
163,구산,구산,구산역,6,6_구산,6:main,False,False,,,1,False
164,새절,새절,새절역,6,6_새절,6:main,False,False,,,1,False
165,증산,증산,증산역,6,6_증산,6:main,False,False,,,1,False
166,디지털미디어시티,디지털미디어시티,디지털미디어시티역,6,6_디지털미디어시티,6:main,False,False,,,1,False
167,월드컵경기장,월드컵경기장,월드컵경기장역,6,6_월드컵경기장,6:main,False,True,월드컵경기장(성산),,1,False
168,마포구청,마포구청,마포구청역,6,6_마포구청,6:main,False,False,,,1,False
169,망원,망원,망원역,6,6_망원,6:main,False,False,,,1,False
170,상수,상수,상수역,6,6_상수,6:main,False,True,,,1,False
171,광흥창,광흥창,광흥창역,6,6_광흥창,6:main,False,False,,,1,False
172,대흥,대흥,대흥역,6,6_대흥,6:main,False,False,,,1,False
173,효창공원앞,효창공원앞,효창공원앞역,6,6_효창공원앞,6:main,False,False,,,1,False
174,녹사평,녹사평,녹사평역,6,6_녹사평,6:main,False,False,,,1,False
175,이태원,이태원,이태원역,6,6_이태원,6:main,False,True,,,1,False
176,한강진,한강진,한강진역,6,6_한강진,6:main,False,True,,,1,False
177,버티고개,버티고개,버티고개역,6,6_버티고개,6:main,False,False,,,1,False
178,창신,창신,창신역,6,6_창신,6:main,False,False,,,1,False
179,보문,보문,보문역,6,6_보문,6:main,False,False,,,1,False
180,안암,안암,안암역,6,6_안암,6:main,False,True,안암(고대병원앞),,1,False
181,고려대,고려대,고려대역,6,6_고려대,6:main,False,True,고려대(종암),,1,False
182,월곡,월곡,월곡역,6,6_월곡,6:main,False,False,,,1,False
183,상월곡,상월곡,상월곡역,6,6_상월곡,6:main,False,False,,,1,False
184,돌곶이,돌곶이,돌곶이역,6,6_돌곶이,6:main,False,False,,,1,False
185,석계,석계,석계역,6,6_석계,6:main,False,False,,,1,False
186,태릉입구,태릉입구,태릉입구역,"6,7",6_태릉입구;7_태릉입구,6:main;7:main,True,False,,,2,False
187,화랑대,화랑대,화랑대역,6,6_화랑대,6:main,False,False,,,1,False
188,봉화산,봉화산,봉화산역,6,6_봉화산,6:main,False,False,,,1,False
189,신내,신내,신내역,6,6_신내,6:main,False,False,,,1,False
190,장암,장암,장암역,7,7_장암,7:main,False,False,,,1,False
191,도봉산,도봉산,도봉산역,7,7_도봉산,7:main,False,False,,,1,False
192,수락산,수락산,수락산역,7,7_수락산,7:main,False,False,,,1,False
193,마들,마들,마들역,7,7_마들,7:main,False,False,,,1,False
194,중계,중계,중계역,7,7_중계,7:main,False,False,,,1,False
195,하계,하계,하계역,7,7_하계,7:main,False,False,,,1,False
196,공릉,공릉,공릉역,7,7_공릉,7:main,False,False,,,1,False
197,먹골,먹골,먹골역,7,7_먹골,7:main,False,False,,,1,False
198,중화,중화,중화역,7,7_중화,7:main,False,False,,,1,False
199,상봉,상봉,상봉역,7,7_상봉,7:main,False,False,,,1,False
200,면목,면목,면목역,7,7_면목,7:main,False,False,,,1,False
201,사가정,사가정,사가정역,7,7_사가정,7:main,False,False,,,1,False
202,용마산,용마산,용마산역,7,7_용마산,7:main,False,False,,,1,False
203,중곡,중곡,중곡역,7,7_중곡,7:main,False,False,,,1,False
204,어린이대공원,어린이대공원,어린이대공원역,7,7_어린이대공원,7:main,False,False,,,1,False
205,자양,자양,자양역,7,7_자양,7:main,False,False,자양,,1,False
206,청담,청담,청담역,7,7_청담,7:main,False,False,,,1,False
207,강남구청,강남구청,강남구청역,7,7_강남구청,7:main,False,False,,,1,False
208,학동,학동,학동역,7,7_학동,7:main,False,False,,,1,False
209,논현,논현,논현역,7,7_논현,7:main,False,False,,,1,False
210,반포,반포,반포역,7,7_반포,7:main,False,False,,,1,False
211,내방,내방,내방역,7,7_내방,7:main,False,False,,,1,False
212,남성,남성,남성역,7,7_남성,7:main,False,False,,,1,False
213,숭실대입구,숭실대입구,숭실대입구역,7,7_숭실대입구,7:main,False,False,,,1,False
214,상도,상도,상도역,7,7_상도,7:main,False,False,,,1,False
215,장승배기,장승배기,장승배기역,7,7_장승배기,7:main,False,False,,,1,False
216,신대방삼거리,신대방삼거리,신대방삼거리역,7,7_신대방삼거리,7:main,False,False,,,1,False
217,보라매,보라매,보라매역,7,7_보라매,7:main,False,False,,,1,False
218,신풍,신풍,신풍역,7,7_신풍,7:main,False,False,,,1,False
219,남구로,남구로,남구로역,7,7_남구로,7:main,False,False,,,1,False
220,가산디지털단지,가산디지털단지,가산디지털단지역,7,7_가산디지털단지,7:main,False,False,,,1,False
221,철산,철산,철산역,7,7_철산,7:main,False,False,,,1,False
222,광명사거리,광명사거리,광명사거리역,7,7_광명사거리,7:main,False,False,,,1,False
223,천왕,천왕,천왕역,7,7_천왕,7:main,False,False,,,1,False
224,온수,온수,온수역,7,7_온수,7:main,False,False,,,1,False
225,암사역사공원,암사역사공원,암사역사공원역,8,8_암사역사공원,8:main,False,False,,,1,False
226,암사,암사,암사역,8,8_암사,8:main,False,False,,,1,False
227,강동구청,강동구청,강동구청역,8,8_강동구청,8:main,False,False,,,1,False
228,몽촌토성,몽촌토성,몽촌토성역,8,8_몽촌토성,8:main,False,False,,,1,False
229,석촌,석촌,석촌역,"8,9",8_석촌;9L_석촌;9X_석촌,8:main;9L:main;9X:main,True,False,,,2,False
230,송파,송파,송파역,8,8_송파,8:main,False,False,,,1,False
231,문정,문정,문정역,8,8_문정,8:main,False,False,,,1,False
232,장지,장지,장지역,8,8_장지,8:main,False,False,,,1,False
233,복정,복정,복정역,8,8_복정,8:main,False,False,,,1,False
234,남위례,남위례,남위례역,8,8_남위례,8:main,False,False,,,1,False
235,산성,산성,산성역,8,8_산성,8:main,False,False,,,1,False
236,남한산성입구,남한산성입구,남한산성입구역,8,8_남한산성입구,8:main,False,False,,,1,False
237,단대오거리,단대오거리,단대오거리역,8,8_단대오거리,8:main,False,False,,,1,False
238,신흥,신흥,신흥역,8,8_신흥,8:main,False,False,,,1,False
239,수진,수진,수진역,8,8_수진,8:main,False,False,,,1,False
240,모란,모란,모란역,8,8_모란,8:main,False,False,,,1,False
241,개화,개화,개화역,9,9L_개화,9L:main,False,False,,v2.6 9호선,1,False
242,공항시장,공항시장,공항시장역,9,9L_공항시장,9L:main,False,False,,v2.6 9호선,1,False
243,신방화,신방화,신방화역,9,9L_신방화,9L:main,False,False,,v2.6 9호선,1,False
244,마곡나루,마곡나루,마곡나루역,9,9L_마곡나루;9X_마곡나루,9L:main;9X:main,False,False,,v2.6 9호선,1,False
245,양천향교,양천향교,양천향교역,9,9L_양천향교,9L:main,False,False,,v2.6 9호선,1,False
246,가양,가양,가양역,9,9L_가양;9X_가양,9L:main;9X:main,False,False,,v2.6 9호선,1,False
247,증미,증미,증미역,9,9L_증미,9L:main,False,False,,v2.6 9호선,1,False
248,등촌,등촌,등촌역,9,9L_등촌,9L:main,False,False,,v2.6 9호선,1,False
249,염창,염창,염창역,9,9L_염창;9X_염창,9L:main;9X:main,False,False,,v2.6 9호선,1,False
250,신목동,신목동,신목동역,9,9L_신목동,9L:main,False,False,,v2.6 9호선,1,False
251,선유도,선유도,선유도역,9,9L_선유도,9L:main,False,False,,v2.6 9호선,1,False
252,국회의사당,국회의사당,국회의사당역,9,9L_국회의사당,9L:main,False,False,,v2.6 9호선,1,False
253,샛강,샛강,샛강역,9,9L_샛강,9L:main,False,False,,v2.6 9호선,1,False
254,노량진,노량진,노량진역,9,9L_노량진;9X_노량진,9L:main;9X:main,False,False,,v2.6 9호선,1,False
255,노들,노들,노들역,9,9L_노들,9L:main,False,False,,v2.6 9호선,1,False
256,흑석,흑석,흑석역,9,9L_흑석,9L:main,False,False,,v2.6 9호선,1,False
257,구반포,구반포,구반포역,9,9L_구반포,9L:main,False,False,,v2.6 9호선,1,False
258,신반포,신반포,신반포역,9,9L_신반포,9L:main,False,False,,v2.6 9호선,1,False
259,사평,사평,사평역,9,9L_사평,9L:main,False,False,,v2.6 9호선,1,False
260,신논현,신논현,신논현역,9,9L_신논현;9X_신논현,9L:main;9X:main,False,False,,v2.6 9호선,1,False
261,언주,언주,언주역,9,9L_언주,9L:main,False,False,,v2.6 9호선,1,False
262,선정릉,선정릉,선정릉역,9,9L_선정릉;9X_선정릉,9L:main;9X:main,False,False,,v2.6 9호선,1,False
263,삼성중앙,삼성중앙,삼성중앙역,9,9L_삼성중앙,9L:main,False,False,,v2.6 9호선,1,False
264,봉은사,봉은사,봉은사역,9,9L_봉은사;9X_봉은사,9L:main;9X:main,False,False,,v2.6 9호선,1,False
265,삼전,삼전,삼전역,9,9L_삼전,9L:main,False,False,,v2.6 9호선,1,False
266,석촌고분,석촌고분,석촌고분역,9,9L_석촌고분,9L:main,False,False,,v2.6 9호선,1,False
267,송파나루,송파나루,송파나루역,9,9L_송파나루,9L:main,False,False,,v2.6 9호선,1,False
268,한성백제,한성백제,한성백제역,9,9L_한성백제,9L:main,False,False,,v2.6 9호선,1,False
269,둔촌오륜,둔촌오륜,둔촌오륜역,9,9L_둔촌오륜,9L:main,False,False,,v2.6 9호선,1,False
270,중앙보훈병원,중앙보훈병원,중앙보훈병원역,9,9L_중앙보훈병원;9X_중앙보훈병원,9L:main;9X:main,False,False,,v2.6 9호선,1,False
