mark_status,visual_node_no,visual_node_id,station_key,station_name,display_name,line_id,branch_codes,x_px,y_px,x_pct,y_pct,marker_radius_px,is_transfer_station,is_branch_node,label_owner,alias_or_note,memo
완료,1,서울역_L1,서울역,서울역,서울역,1,main,1916,1308,37.421875,45.416666666666664,12,True,True,True,,
완료,2,시청_L1,시청,시청,시청역,1,main,1916,1144,37.421875,39.72222222222222,12,True,False,True,,
완료,3,종각_L1,종각,종각,종각역,1,main,1916,1048,37.421875,36.388888888888886,10,False,False,True,,
완료,4,종로3가_L1,종로3가,종로3가,종로3가역,1,main,2084,980,40.703125,34.02777777777778,12,True,False,True,,
완료,5,종로5가_L1,종로5가,종로5가,종로5가역,1,main,2240,980,43.75,34.02777777777778,10,False,False,True,,
완료,6,동대문_L1,동대문,동대문,동대문역,1,main,2328,980,45.46875,34.02777777777778,12,True,False,True,,
완료,7,동묘앞_L1,동묘앞,동묘앞,동묘앞역,1,main,2528,980,49.375,34.02777777777778,12,True,False,True,,
완료,8,신설동_L1,신설동,신설동,신설동역,1,main,2712,980,52.96875,34.02777777777778,12,True,False,True,,
완료,9,제기동_L1,제기동,제기동,제기동역,1,main,2864,980,55.93749999999999,34.02777777777778,10,False,False,True,,
완료,10,청량리_L1,청량리,청량리,청량리역,1,main,3020,980,58.984375,34.02777777777778,10,False,True,True,청량리(서울시립대입구),
완료,11,시청_L2,시청,시청,시청역,2,main,1916,1144,37.421875,39.72222222222222,12,True,True,False,,
완료,12,을지로입구_L2,을지로입구,을지로입구,을지로입구역,2,main,2000,1144,39.0625,39.72222222222222,10,False,False,True,,
완료,13,을지로3가_L2,을지로3가,을지로3가,을지로3가역,2,main,2084,1144,40.703125,39.72222222222222,12,True,False,True,,
완료,14,을지로4가_L2,을지로4가,을지로4가,을지로4가역,2,main,2200,1144,42.96875,39.72222222222222,12,True,False,True,,
완료,15,동대문역사문화공원_L2,동대문역사문화공원,동대문역사문화공원,동대문역사문화공원역,2,main,2328,1144,45.46875,39.72222222222222,12,True,False,True,동대문역사문화공원(DDP),
완료,16,신당_L2,신당,신당,신당역,2,main,2528,1144,49.375,39.72222222222222,12,True,False,True,,
완료,17,상왕십리_L2,상왕십리,상왕십리,상왕십리역,2,main,2628,1144,51.328125,39.72222222222222,10,False,False,True,,
완료,18,왕십리_L2,왕십리,왕십리,왕십리역,2,main,2740,1144,53.515625,39.72222222222222,12,True,False,True,,
완료,19,한양대_L2,한양대,한양대,한양대역,2,main,2864,1188,55.93749999999999,41.25,10,False,False,True,,
완료,20,뚝섬_L2,뚝섬,뚝섬,뚝섬역,2,main,2920,1244,57.03125,43.19444444444444,10,False,False,True,,
완료,21,성수_L2,성수,성수,성수역,2,main;seongsu_branch,2972,1294,58.046875,44.93055555555556,10,False,True,True,,
완료,22,건대입구_L2,건대입구,건대입구,건대입구역,2,main,2972,1468,58.046875,50.97222222222222,12,True,False,True,,
완료,23,구의_L2,구의,구의,구의역,2,main,2972,1552,58.046875,53.888888888888886,10,False,False,True,,
완료,24,강변_L2,강변,강변,강변역,2,main,2972,1628,58.046875,56.52777777777778,10,False,False,True,,
완료,25,잠실나루_L2,잠실나루,잠실나루,잠실나루역,2,main,2972,1708,58.046875,59.30555555555556,10,False,False,True,,
완료,26,잠실_L2,잠실,잠실,잠실역,2,main,2972,1800,58.046875,62.5,12,True,False,True,,
완료,27,잠실새내_L2,잠실새내,잠실새내,잠실새내역,2,main,2972,1882,58.046875,65.34722222222223,10,False,False,True,,
완료,28,종합운동장_L2,종합운동장,종합운동장,종합운동장역,2,main,2972,1964,58.046875,68.19444444444444,10,False,False,True,,다른 역(봉은사)과 좌표가 같음 — 확인 필요
완료,29,삼성_L2,삼성,삼성,삼성역,2,main,2874,2040,56.13281249999999,70.83333333333334,10,False,False,True,,
완료,30,선릉_L2,선릉,선릉,선릉역,2,main,2776,2116,54.21875000000001,73.47222222222223,10,False,False,True,,
완료,31,역삼_L2,역삼,역삼,역삼역,2,main,2696,2116,52.65625000000001,73.47222222222223,10,False,False,True,,
완료,32,강남_L2,강남,강남,강남역,2,main,2616,2116,51.09375000000001,73.47222222222223,10,False,False,True,,
완료,33,교대_L2,교대,교대,교대역,2,main,2480,2116,48.4375,73.47222222222223,12,True,False,True,,
완료,34,서초_L2,서초,서초,서초역,2,main,2384,2116,46.5625,73.47222222222223,10,False,False,True,,
완료,35,방배_L2,방배,방배,방배역,2,main,2296,2116,44.84375,73.47222222222223,10,False,False,True,,
완료,36,사당_L2,사당,사당,사당역,2,main,2200,2116,42.96875,73.47222222222223,12,True,False,True,,
완료,37,낙성대_L2,낙성대,낙성대,낙성대역,2,main,2092,2116,40.859375,73.47222222222223,10,False,False,True,,
완료,38,서울대입구_L2,서울대입구,서울대입구,서울대입구역,2,main,1984,2116,38.75,73.47222222222223,10,False,False,True,,
완료,39,봉천_L2,봉천,봉천,봉천역,2,main,1876,2116,36.640625,73.47222222222223,10,False,False,True,,
완료,40,신림_L2,신림,신림,신림역,2,main,1768,2116,34.53125,73.47222222222223,10,False,False,True,,
완료,41,신대방_L2,신대방,신대방,신대방역,2,main,1660,2116,32.421875,73.47222222222223,10,False,False,True,,
완료,42,구로디지털단지_L2,구로디지털단지,구로디지털단지,구로디지털단지역,2,main,1552,2116,30.312499999999996,73.47222222222223,10,False,False,True,,
완료,43,대림_L2,대림,대림,대림역,2,main,1424,1964,27.8125,68.19444444444444,12,True,False,True,,
완료,44,신도림_L2,신도림,신도림,신도림역,2,main;sinjeong_branch,1424,1820,27.8125,63.19444444444444,10,False,True,True,,
완료,45,문래_L2,문래,문래,문래역,2,main,1424,1740,27.8125,60.416666666666664,10,False,False,True,,
완료,46,영등포구청_L2,영등포구청,영등포구청,영등포구청역,2,main,1424,1660,27.8125,57.638888888888886,12,True,False,True,,
완료,47,당산_L2,당산,당산,당산역,2,main,1424,1500,27.8125,52.083333333333336,10,False,False,True,,
완료,48,합정_L2,합정,합정,합정역,2,main,1424,1332,27.8125,46.25,12,True,False,True,,
완료,49,홍대입구_L2,홍대입구,홍대입구,홍대입구역,2,main,1494,1244,29.1796875,43.19444444444444,10,False,False,True,,
완료,50,신촌_L2,신촌,신촌,신촌역,2,main,1536,1194,30.0,41.458333333333336,10,False,False,True,,
완료,51,이대_L2,이대,이대,이대역,2,main,1576,1144,30.78125,39.72222222222222,10,False,False,True,,
완료,52,아현_L2,아현,아현,아현역,2,main,1664,1144,32.5,39.72222222222222,10,False,False,True,,
완료,53,충정로_L2,충정로,충정로,충정로역,2,main,1752,1144,34.21875,39.72222222222222,12,True,True,True,,
완료,54,용답_L2,용답,용답,용답역,2,seongsu_branch,2972,1204,58.046875,41.80555555555556,10,False,False,True,,
완료,55,신답_L2,신답,신답,신답역,2,seongsu_branch,2972,1064,58.046875,36.94444444444444,10,False,False,True,,
완료,56,용두_L2,용두,용두,용두역,2,seongsu_branch,2784,1064,54.37499999999999,36.94444444444444,10,False,False,True,,
완료,57,신설동_L2,신설동,신설동,신설동역,2,seongsu_branch,2712,980,52.96875,34.02777777777778,12,True,True,False,,
완료,58,도림천_L2,도림천,도림천,도림천역,2,sinjeong_branch,1320,1720,25.78125,59.72222222222222,10,False,False,True,,
완료,59,양천구청_L2,양천구청,양천구청,양천구청역,2,sinjeong_branch,1220,1620,23.828125,56.25,10,False,False,True,,
완료,60,신정네거리_L2,신정네거리,신정네거리,신정네거리역,2,sinjeong_branch,1108,1508,21.640625,52.361111111111114,10,False,False,True,,
완료,61,까치산_L2,까치산,까치산,까치산역,2,sinjeong_branch,1108,1348,21.640625,46.80555555555556,12,True,True,True,,
완료,62,지축_L3,지축,지축,지축역,3,main,984,488,19.21875,16.944444444444446,10,False,True,True,,
완료,63,구파발_L3,구파발,구파발,구파발역,3,main,1140,488,22.265625,16.944444444444446,10,False,False,True,,
완료,64,연신내_L3,연신내,연신내,연신내역,3,main,1296,488,25.3125,16.944444444444446,12,True,False,True,,
완료,65,불광_L3,불광,불광,불광역,3,main,1460,488,28.515625,16.944444444444446,12,True,False,True,,
완료,66,녹번_L3,녹번,녹번,녹번역,3,main,1616,488,31.5625,16.944444444444446,10,False,False,True,,
완료,67,홍제_L3,홍제,홍제,홍제역,3,main,1772,488,34.609375,16.944444444444446,10,False,False,True,,
완료,68,무악재_L3,무악재,무악재,무악재역,3,main,1928,488,37.65625,16.944444444444446,10,False,False,True,,
완료,69,독립문_L3,독립문,독립문,독립문역,3,main,2084,488,40.703125,16.944444444444446,10,False,False,True,,
완료,70,경복궁_L3,경복궁,경복궁,경복궁역,3,main,2084,648,40.703125,22.5,10,False,False,True,경복궁(정부서울청사),
완료,71,안국_L3,안국,안국,안국역,3,main,2084,808,40.703125,28.055555555555557,10,False,False,True,,
완료,72,종로3가_L3,종로3가,종로3가,종로3가역,3,main,2084,980,40.703125,34.02777777777778,12,True,False,False,,
완료,73,을지로3가_L3,을지로3가,을지로3가,을지로3가역,3,main,2084,1144,40.703125,39.72222222222222,12,True,False,False,,
완료,74,충무로_L3,충무로,충무로,충무로역,3,main,2328,1244,45.46875,43.19444444444444,12,True,False,True,,
완료,75,동대입구_L3,동대입구,동대입구,동대입구역,3,main,2404,1356,46.953125,47.083333333333336,10,False,False,True,,
완료,76,약수_L3,약수,약수,약수역,3,main,2480,1476,48.4375,51.24999999999999,12,True,False,True,,
완료,77,금호_L3,금호,금호,금호역,3,main,2480,1556,48.4375,54.02777777777777,10,False,False,True,,
완료,78,옥수_L3,옥수,옥수,옥수역,3,main,2480,1636,48.4375,56.80555555555556,10,False,False,True,,
완료,79,압구정_L3,압구정,압구정,압구정역,3,main,2480,1760,48.4375,61.111111111111114,10,False,False,True,,
완료,80,신사_L3,신사,신사,신사역,3,main,2480,1828,48.4375,63.47222222222222,10,False,False,True,,
완료,81,잠원_L3,잠원,잠원,잠원역,3,main,2480,1884,48.4375,65.41666666666667,10,False,False,True,,
완료,82,고속터미널_L3,고속터미널,고속터미널,고속터미널역,3,main,2480,1964,48.4375,68.19444444444444,12,True,False,True,,
완료,83,교대_L3,교대,교대,교대역,3,main,2480,2116,48.4375,73.47222222222223,12,True,False,False,,
완료,84,남부터미널_L3,남부터미널,남부터미널,남부터미널역,3,main,2480,2252,48.4375,78.19444444444444,10,False,False,True,,
완료,85,양재_L3,양재,양재,양재역,3,main,2616,2252,51.09375000000001,78.19444444444444,10,False,False,True,,
완료,86,매봉_L3,매봉,매봉,매봉역,3,main,2696,2252,52.65625000000001,78.19444444444444,10,False,False,True,,
완료,87,도곡_L3,도곡,도곡,도곡역,3,main,2776,2252,54.21875000000001,78.19444444444444,10,False,False,True,,
완료,88,대치_L3,대치,대치,대치역,3,main,2860,2252,55.859375,78.19444444444444,10,False,False,True,,
완료,89,학여울_L3,학여울,학여울,학여울역,3,main,2944,2252,57.49999999999999,78.19444444444444,10,False,False,True,,
완료,90,대청_L3,대청,대청,대청역,3,main,3028,2252,59.140625,78.19444444444444,10,False,False,True,,
완료,91,일원_L3,일원,일원,일원역,3,main,3112,2252,60.78125,78.19444444444444,10,False,False,True,,
완료,92,수서_L3,수서,수서,수서역,3,main,3232,2328,63.125,80.83333333333333,10,False,False,True,,
완료,93,가락시장_L3,가락시장,가락시장,가락시장역,3,main,3300,2140,64.453125,74.30555555555556,12,True,False,True,,
완료,94,경찰병원_L3,경찰병원,경찰병원,경찰병원역,3,main,3584,2140,70.0,74.30555555555556,10,False,False,True,,
완료,95,오금_L3,오금,오금,오금역,3,main,3862,2140,75.4296875,74.30555555555556,12,True,True,True,,
완료,96,불암산_L4,불암산,불암산,불암산역,4,main,3744,356,73.125,12.36111111111111,10,False,True,True,당고개,
완료,97,상계_L4,상계,상계,상계역,4,main,3604,356,70.390625,12.36111111111111,10,False,False,True,,
완료,98,노원_L4,노원,노원,노원역,4,main,3464,356,67.65625,12.36111111111111,12,True,False,True,,
완료,99,창동_L4,창동,창동,창동역,4,main,3324,458,64.921875,15.902777777777777,10,False,False,True,,
완료,100,쌍문_L4,쌍문,쌍문,쌍문역,4,main,3194,554,62.38281249999999,19.23611111111111,10,False,False,True,,
완료,101,수유_L4,수유,수유,수유역,4,main,3064,648,59.84374999999999,22.5,10,False,False,True,,
완료,102,미아_L4,미아,미아,미아역,4,main,2908,648,56.796875,22.5,10,False,False,True,,
완료,103,미아사거리_L4,미아사거리,미아사거리,미아사거리역,4,main,2752,648,53.75,22.5,10,False,False,True,,
완료,104,길음_L4,길음,길음,길음역,4,main,2596,648,50.70312500000001,22.5,10,False,False,True,,
완료,105,성신여대입구_L4,성신여대입구,성신여대입구,성신여대입구역,4,main,2440,648,47.65625,22.5,10,False,False,True,,
완료,106,한성대입구_L4,한성대입구,한성대입구,한성대입구역,4,main,2328,772,45.46875,26.805555555555554,10,False,False,True,,
완료,107,혜화_L4,혜화,혜화,혜화역,4,main,2328,876,45.46875,30.416666666666664,10,False,False,True,,
완료,108,동대문_L4,동대문,동대문,동대문역,4,main,2328,980,45.46875,34.02777777777778,12,True,False,False,,
완료,109,동대문역사문화공원_L4,동대문역사문화공원,동대문역사문화공원,동대문역사문화공원역,4,main,2328,1144,45.46875,39.72222222222222,12,True,False,False,동대문역사문화공원(DDP),
완료,110,충무로_L4,충무로,충무로,충무로역,4,main,2328,1244,45.46875,43.19444444444444,12,True,False,False,,
완료,111,명동_L4,명동,명동,명동역,4,main,2192,1308,42.8125,45.416666666666664,10,False,False,True,,
완료,112,회현_L4,회현,회현,회현역,4,main,2076,1308,40.546875,45.416666666666664,10,False,False,True,,
완료,113,서울역_L4,서울역,서울역,서울역,4,main,1916,1308,37.421875,45.416666666666664,12,True,False,False,,
완료,114,숙대입구_L4,숙대입구,숙대입구,숙대입구역,4,main,1940,1392,37.890625,48.333333333333336,10,False,False,True,숙대입구(갈월),
완료,115,삼각지_L4,삼각지,삼각지,삼각지역,4,main,1940,1476,37.890625,51.24999999999999,12,True,False,True,,
완료,116,신용산_L4,신용산,신용산,신용산역,4,main,2008,1560,39.21875,54.166666666666664,10,False,False,True,,
완료,117,이촌_L4,이촌,이촌,이촌역,4,main,2072,1632,40.46875,56.666666666666664,10,False,False,True,,
완료,118,동작_L4,동작,동작,동작역,4,main,2200,1750,42.96875,60.763888888888886,10,False,False,True,,다른 역(흑석)과 좌표가 같음 — 확인 필요
완료,119,이수_L4,이수,이수,이수역,4,main,2200,1964,42.96875,68.19444444444444,12,True,False,True,총신대입구(이수),
완료,120,사당_L4,사당,사당,사당역,4,main,2200,2116,42.96875,73.47222222222223,12,True,False,False,,
완료,121,남태령_L4,남태령,남태령,남태령역,4,main,2200,2252,42.96875,78.19444444444444,10,False,True,True,,
완료,122,방화_L5,방화,방화,방화역,5,common,788,800,15.390625,27.77777777777778,10,False,True,True,,
완료,123,개화산_L5,개화산,개화산,개화산역,5,common,788,884,15.390625,30.694444444444446,10,False,False,True,,
완료,124,김포공항_L5,김포공항,김포공항,김포공항역,5,common,788,960,15.390625,33.33333333333333,10,False,False,True,,
완료,125,송정_L5,송정,송정,송정역,5,common,828,1066,16.171875,37.01388888888889,10,False,False,True,,
완료,126,마곡_L5,마곡,마곡,마곡역,5,common,880,1120,17.1875,38.88888888888889,10,False,False,True,,
완료,127,발산_L5,발산,발산,발산역,5,common,938,1176,18.3203125,40.833333333333336,10,False,False,True,,
완료,128,우장산_L5,우장산,우장산,우장산역,5,common,996,1234,19.453125,42.84722222222222,10,False,False,True,,
완료,129,화곡_L5,화곡,화곡,화곡역,5,common,1054,1296,20.5859375,45.0,10,False,False,True,,
완료,130,까치산_L5,까치산,까치산,까치산역,5,common,1108,1348,21.640625,46.80555555555556,12,True,False,False,,
완료,131,신정_L5,신정,신정,신정역,5,common,1180,1420,23.046875,49.30555555555556,10,False,False,True,,
완료,132,목동_L5,목동,목동,목동역,5,common,1240,1476,24.21875,51.24999999999999,10,False,False,True,,
완료,133,오목교_L5,오목교,오목교,오목교역,5,common,1296,1536,25.3125,53.333333333333336,10,False,False,True,,
완료,134,양평_L5,양평,양평,양평역,5,common,1356,1594,26.484375,55.34722222222223,10,False,False,True,,
완료,135,영등포구청_L5,영등포구청,영등포구청,영등포구청역,5,common,1424,1660,27.8125,57.638888888888886,12,True,False,False,,
완료,136,영등포시장_L5,영등포시장,영등포시장,영등포시장역,5,common,1504,1740,29.375,60.416666666666664,10,False,False,True,,
완료,137,신길_L5,신길,신길,신길역,5,common,1600,1832,31.25,63.61111111111111,10,False,False,True,,
완료,138,여의도_L5,여의도,여의도,여의도역,5,common,1684,1750,32.890625,60.763888888888886,10,False,False,True,,
완료,139,여의나루_L5,여의나루,여의나루,여의나루역,5,common,1752,1676,34.21875,58.19444444444445,10,False,False,True,,
완료,140,마포_L5,마포,마포,마포역,5,common,1752,1576,34.21875,54.72222222222223,10,False,False,True,,
완료,141,공덕_L5,공덕,공덕,공덕역,5,common,1752,1476,34.21875,51.24999999999999,12,True,False,True,,
완료,142,애오개_L5,애오개,애오개,애오개역,5,common,1752,1308,34.21875,45.416666666666664,10,False,False,True,,
완료,143,충정로_L5,충정로,충정로,충정로역,5,common,1752,1144,34.21875,39.72222222222222,12,True,False,False,,
완료,144,서대문_L5,서대문,서대문,서대문역,5,common,1752,980,34.21875,34.02777777777778,10,False,False,True,,
완료,145,광화문_L5,광화문,광화문,광화문역,5,common,1916,980,37.421875,34.02777777777778,10,False,False,True,광화문(세종문화회관),
완료,146,종로3가_L5,종로3가,종로3가,종로3가역,5,common,2084,980,40.703125,34.02777777777778,12,True,False,False,,
완료,147,을지로4가_L5,을지로4가,을지로4가,을지로4가역,5,common,2200,1144,42.96875,39.72222222222222,12,True,False,False,,
완료,148,동대문역사문화공원_L5,동대문역사문화공원,동대문역사문화공원,동대문역사문화공원역,5,common,2328,1144,45.46875,39.72222222222222,12,True,False,False,동대문역사문화공원(DDP),
완료,149,청구_L5,청구,청구,청구역,5,common,2528,1244,49.375,43.19444444444444,12,True,False,True,,
완료,150,신금호_L5,신금호,신금호,신금호역,5,common,2628,1344,51.328125,46.666666666666664,10,False,False,True,,
완료,151,행당_L5,행당,행당,행당역,5,common,2740,1244,53.515625,43.19444444444444,10,False,False,True,,
완료,152,왕십리_L5,왕십리,왕십리,왕십리역,5,common,2740,1144,53.515625,39.72222222222222,12,True,False,False,,
완료,153,마장_L5,마장,마장,마장역,5,common,2884,1144,56.32812499999999,39.72222222222222,10,False,False,True,,
완료,154,답십리_L5,답십리,답십리,답십리역,5,common,3084,1144,60.23437499999999,39.72222222222222,10,False,False,True,,
완료,155,장한평_L5,장한평,장한평,장한평역,5,common,3192,1144,62.34375,39.72222222222222,10,False,False,True,,
완료,156,군자_L5,군자,군자,군자역,5,common,3192,1250,62.34375,43.40277777777778,12,True,False,True,,
완료,157,아차산_L5,아차산,아차산,아차산역,5,common,3192,1368,62.34375,47.5,10,False,False,True,,
완료,158,광나루_L5,광나루,광나루,광나루역,5,common,3192,1484,62.34375,51.52777777777777,10,False,False,True,,
완료,159,천호_L5,천호,천호,천호역,5,common,3340,1636,65.234375,56.80555555555556,12,True,False,True,,
완료,160,강동_L5,강동,강동,강동역,5,common;hanam_branch;macheon_branch,3468,1760,67.734375,61.111111111111114,10,False,True,True,,
완료,161,길동_L5,길동,길동,길동역,5,hanam_branch,3616,1760,70.625,61.111111111111114,10,False,False,True,,
완료,162,굽은다리_L5,굽은다리,굽은다리,굽은다리역,5,hanam_branch,3764,1760,73.515625,61.111111111111114,10,False,False,True,,
완료,163,명일_L5,명일,명일,명일역,5,hanam_branch,3912,1760,76.40625,61.111111111111114,10,False,False,True,,
완료,164,고덕_L5,고덕,고덕,고덕역,5,hanam_branch,4060,1760,79.296875,61.111111111111114,10,False,False,True,,
완료,165,상일동_L5,상일동,상일동,상일동역,5,hanam_branch,4208,1760,82.1875,61.111111111111114,10,False,False,True,,
완료,166,강일_L5,강일,강일,강일역,5,hanam_branch,4356,1760,85.078125,61.111111111111114,10,False,False,True,,
완료,167,미사_L5,미사,미사,미사역,5,hanam_branch,4356,1928,85.078125,66.94444444444444,10,False,False,True,,
완료,168,하남풍산_L5,하남풍산,하남풍산,하남풍산역,5,hanam_branch,4356,2096,85.078125,72.77777777777777,10,False,False,True,,
완료,169,하남시청_L5,하남시청,하남시청,하남시청역,5,hanam_branch,4356,2264,85.078125,78.61111111111111,10,False,False,True,하남시청(덕풍·신장),
완료,170,하남검단산_L5,하남검단산,하남검단산,하남검단산역,5,hanam_branch,4356,2436,85.078125,84.58333333333333,10,False,True,True,,
완료,171,둔촌동_L5,둔촌동,둔촌동,둔촌동역,5,macheon_branch,3574,1862,69.8046875,64.65277777777779,10,False,False,True,,
완료,172,올림픽공원_L5,올림픽공원,올림픽공원,올림픽공원역,5,macheon_branch,3680,1964,71.875,68.19444444444444,10,False,False,True,,
완료,173,방이_L5,방이,방이,방이역,5,macheon_branch,3772,2052,73.671875,71.25,10,False,False,True,,
완료,174,오금_L5,오금,오금,오금역,5,macheon_branch,3862,2140,75.4296875,74.30555555555556,12,True,False,False,,
완료,175,개롱_L5,개롱,개롱,개롱역,5,macheon_branch,3964,2240,77.421875,77.77777777777779,10,False,False,True,,
완료,176,거여_L5,거여,거여,거여역,5,macheon_branch,4064,2336,79.375,81.11111111111111,10,False,False,True,,
완료,177,마천_L5,마천,마천,마천역,5,macheon_branch,4164,2436,81.328125,84.58333333333333,10,False,True,True,,
완료,178,응암_L6,응암,응암,응암역,6,main,1296,676,25.3125,23.47222222222222,10,False,True,True,,
완료,179,역촌_L6,역촌,역촌,역촌역,6,main,1384,580,27.03125,20.13888888888889,10,False,False,True,,
완료,180,불광_L6,불광,불광,불광역,6,main,1460,488,28.515625,16.944444444444446,12,True,False,False,,
완료,181,독바위_L6,독바위,독바위,독바위역,6,main,1378,324,26.914062500000004,11.25,10,False,False,True,,
완료,182,연신내_L6,연신내,연신내,연신내역,6,main,1296,488,25.3125,16.944444444444446,12,True,False,False,,
완료,183,구산_L6,구산,구산,구산역,6,main,1296,584,25.3125,20.27777777777778,10,False,False,True,,
완료,184,새절_L6,새절,새절,새절역,6,main,1296,780,25.3125,27.083333333333332,10,False,False,True,,
완료,185,증산_L6,증산,증산,증산역,6,main,1296,884,25.3125,30.694444444444446,10,False,False,True,,
완료,186,디지털미디어시티_L6,디지털미디어시티,디지털미디어시티,디지털미디어시티역,6,main,1296,1032,25.3125,35.833333333333336,10,False,False,True,,
완료,187,월드컵경기장_L6,월드컵경기장,월드컵경기장,월드컵경기장역,6,main,1296,1120,25.3125,38.88888888888889,10,False,False,True,월드컵경기장(성산),
완료,188,마포구청_L6,마포구청,마포구청,마포구청역,6,main,1296,1200,25.3125,41.66666666666667,10,False,False,True,,
완료,189,망원_L6,망원,망원,망원역,6,main,1356,1264,26.484375,43.888888888888886,10,False,False,True,,
완료,190,합정_L6,합정,합정,합정역,6,main,1424,1332,27.8125,46.25,12,True,False,False,,
완료,191,상수_L6,상수,상수,상수역,6,main,1488,1396,29.062500000000004,48.47222222222222,10,False,False,True,,
완료,192,광흥창_L6,광흥창,광흥창,광흥창역,6,main,1572,1476,30.703124999999996,51.24999999999999,10,False,False,True,,
완료,193,대흥_L6,대흥,대흥,대흥역,6,main,1656,1476,32.34375,51.24999999999999,10,False,False,True,,
완료,194,공덕_L6,공덕,공덕,공덕역,6,main,1752,1476,34.21875,51.24999999999999,12,True,False,False,,
완료,195,효창공원앞_L6,효창공원앞,효창공원앞,효창공원앞역,6,main,1832,1476,35.78125,51.24999999999999,10,False,False,True,,
완료,196,삼각지_L6,삼각지,삼각지,삼각지역,6,main,1940,1476,37.890625,51.24999999999999,12,True,False,False,,
완료,197,녹사평_L6,녹사평,녹사평,녹사평역,6,main,2048,1476,40.0,51.24999999999999,10,False,False,True,,
완료,198,이태원_L6,이태원,이태원,이태원역,6,main,2156,1476,42.109375,51.24999999999999,10,False,False,True,,
완료,199,한강진_L6,한강진,한강진,한강진역,6,main,2264,1476,44.21875,51.24999999999999,10,False,False,True,,
완료,200,버티고개_L6,버티고개,버티고개,버티고개역,6,main,2372,1476,46.328125,51.24999999999999,10,False,False,True,,
완료,201,약수_L6,약수,약수,약수역,6,main,2480,1476,48.4375,51.24999999999999,12,True,False,False,,
완료,202,청구_L6,청구,청구,청구역,6,main,2528,1244,49.375,43.19444444444444,12,True,False,False,,
완료,203,신당_L6,신당,신당,신당역,6,main,2528,1144,49.375,39.72222222222222,12,True,False,False,,
완료,204,동묘앞_L6,동묘앞,동묘앞,동묘앞역,6,main,2528,980,49.375,34.02777777777778,12,True,False,False,,
완료,205,창신_L6,창신,창신,창신역,6,main,2528,872,49.375,30.277777777777775,10,False,False,True,,
완료,206,보문_L6,보문,보문,보문역,6,main,2528,768,49.375,26.666666666666668,10,False,False,True,,
완료,207,안암_L6,안암,안암,안암역,6,main,2660,768,51.953125,26.666666666666668,10,False,False,True,안암(고대병원앞),
완료,208,고려대_L6,고려대,고려대,고려대역,6,main,2792,768,54.53125,26.666666666666668,10,False,False,True,고려대(종암),
완료,209,월곡_L6,월곡,월곡,월곡역,6,main,2924,768,57.10937499999999,26.666666666666668,10,False,False,True,,
완료,210,상월곡_L6,상월곡,상월곡,상월곡역,6,main,3056,768,59.68750000000001,26.666666666666668,10,False,False,True,,
완료,211,돌곶이_L6,돌곶이,돌곶이,돌곶이역,6,main,3188,768,62.265625,26.666666666666668,10,False,False,True,,
완료,212,석계_L6,석계,석계,석계역,6,main,3324,768,64.921875,26.666666666666668,10,False,False,True,,
완료,213,태릉입구_L6,태릉입구,태릉입구,태릉입구역,6,main,3464,636,67.65625,22.083333333333332,12,True,False,True,,
완료,214,화랑대_L6,화랑대,화랑대,화랑대역,6,main,3664,636,71.5625,22.083333333333332,10,False,False,True,,
완료,215,봉화산_L6,봉화산,봉화산,봉화산역,6,main,3664,792,71.5625,27.500000000000004,10,False,False,True,,
완료,216,신내_L6,신내,신내,신내역,6,main,3664,948,71.5625,32.916666666666664,10,False,True,True,,
완료,217,장암_L7,장암,장암,장암역,7,main,3064,408,59.84374999999999,14.166666666666666,10,False,True,True,,
완료,218,도봉산_L7,도봉산,도봉산,도봉산역,7,main,3064,324,59.84374999999999,11.25,10,False,False,True,,
완료,219,수락산_L7,수락산,수락산,수락산역,7,main,3064,240,59.84374999999999,8.333333333333332,10,False,False,True,,
완료,220,마들_L7,마들,마들,마들역,7,main,3464,240,67.65625,8.333333333333332,10,False,False,True,,
완료,221,노원_L7,노원,노원,노원역,7,main,3464,356,67.65625,12.36111111111111,12,True,False,False,,
완료,222,중계_L7,중계,중계,중계역,7,main,3464,426,67.65625,14.791666666666666,10,False,False,True,,
완료,223,하계_L7,하계,하계,하계역,7,main,3464,496,67.65625,17.22222222222222,10,False,False,True,,
완료,224,공릉_L7,공릉,공릉,공릉역,7,main,3464,566,67.65625,19.65277777777778,10,False,False,True,,
완료,225,태릉입구_L7,태릉입구,태릉입구,태릉입구역,7,main,3464,636,67.65625,22.083333333333332,12,True,False,False,,
완료,226,먹골_L7,먹골,먹골,먹골역,7,main,3464,748,67.65625,25.972222222222225,10,False,False,True,,
완료,227,중화_L7,중화,중화,중화역,7,main,3464,860,67.65625,29.86111111111111,10,False,False,True,,
완료,228,상봉_L7,상봉,상봉,상봉역,7,main,3464,972,67.65625,33.75,10,False,False,True,,
완료,229,면목_L7,면목,면목,면목역,7,main,3420,1020,66.796875,35.41666666666667,10,False,False,True,,
완료,230,사가정_L7,사가정,사가정,사가정역,7,main,3364,1078,65.703125,37.43055555555556,10,False,False,True,,
완료,231,용마산_L7,용마산,용마산,용마산역,7,main,3304,1136,64.53125,39.44444444444444,10,False,False,True,,
완료,232,중곡_L7,중곡,중곡,중곡역,7,main,3248,1196,63.4375,41.52777777777778,10,False,False,True,,
완료,233,군자_L7,군자,군자,군자역,7,main,3192,1250,62.34375,43.40277777777778,12,True,False,False,,
완료,234,어린이대공원_L7,어린이대공원,어린이대공원,어린이대공원역,7,main,3078,1364,60.1171875,47.36111111111111,10,False,False,True,,
완료,235,건대입구_L7,건대입구,건대입구,건대입구역,7,main,2972,1468,58.046875,50.97222222222222,12,True,False,False,,
완료,236,자양_L7,자양,자양,자양역,7,main,2906,1538,56.75781250000001,53.40277777777778,10,False,False,True,자양,
완료,237,청담_L7,청담,청담,청담역,7,main,2846,1596,55.58593750000001,55.41666666666667,10,False,False,True,,
완료,238,강남구청_L7,강남구청,강남구청,강남구청역,7,main,2776,1668,54.21875000000001,57.91666666666667,10,False,False,True,,
완료,239,학동_L7,학동,학동,학동역,7,main,2696,1748,52.65625000000001,60.69444444444444,10,False,False,True,,
완료,240,논현_L7,논현,논현,논현역,7,main,2618,1826,51.1328125,63.40277777777777,10,False,False,True,,
완료,241,반포_L7,반포,반포,반포역,7,main,2554,1892,49.8828125,65.69444444444444,10,False,False,True,,
완료,242,고속터미널_L7,고속터미널,고속터미널,고속터미널역,7,main,2480,1964,48.4375,68.19444444444444,12,True,False,False,,
완료,243,내방_L7,내방,내방,내방역,7,main,2340,1964,45.703125,68.19444444444444,10,False,False,True,,
완료,244,이수_L7,이수,이수,이수역,7,main,2200,1964,42.96875,68.19444444444444,12,True,False,False,총신대입구(이수),
완료,245,남성_L7,남성,남성,남성역,7,main,2096,1964,40.9375,68.19444444444444,10,False,False,True,,
완료,246,숭실대입구_L7,숭실대입구,숭실대입구,숭실대입구역,7,main,2000,1964,39.0625,68.19444444444444,10,False,False,True,,
완료,247,상도_L7,상도,상도,상도역,7,main,1904,1964,37.1875,68.19444444444444,10,False,False,True,,
완료,248,장승배기_L7,장승배기,장승배기,장승배기역,7,main,1808,1964,35.3125,68.19444444444444,10,False,False,True,,
완료,249,신대방삼거리_L7,신대방삼거리,신대방삼거리,신대방삼거리역,7,main,1712,1964,33.4375,68.19444444444444,10,False,False,True,,
완료,250,보라매_L7,보라매,보라매,보라매역,7,main,1616,1964,31.5625,68.19444444444444,10,False,False,True,,
완료,251,신풍_L7,신풍,신풍,신풍역,7,main,1520,1964,29.6875,68.19444444444444,10,False,False,True,,
완료,252,대림_L7,대림,대림,대림역,7,main,1424,1964,27.8125,68.19444444444444,12,True,False,False,,
완료,253,남구로_L7,남구로,남구로,남구로역,7,main,1340,1964,26.171875,68.19444444444444,10,False,False,True,,
완료,254,가산디지털단지_L7,가산디지털단지,가산디지털단지,가산디지털단지역,7,main,1260,1964,24.609375,68.19444444444444,10,False,False,True,,
완료,255,철산_L7,철산,철산,철산역,7,main,1172,1964,22.890625,68.19444444444444,10,False,False,True,,
완료,256,광명사거리_L7,광명사거리,광명사거리,광명사거리역,7,main,1084,1964,21.171875,68.19444444444444,10,False,False,True,,
완료,257,천왕_L7,천왕,천왕,천왕역,7,main,996,1964,19.453125,68.19444444444444,10,False,False,True,,
완료,258,온수_L7,온수,온수,온수역,7,main,996,1820,19.453125,63.19444444444444,10,False,True,True,,
완료,259,암사역사공원_L8,암사역사공원,암사역사공원,암사역사공원역,8,main,3556,1636,69.453125,56.80555555555556,10,False,True,True,,
완료,260,암사_L8,암사,암사,암사역,8,main,3464,1636,67.65625,56.80555555555556,10,False,False,True,,
완료,261,천호_L8,천호,천호,천호역,8,main,3340,1636,65.234375,56.80555555555556,12,True,False,False,,
완료,262,강동구청_L8,강동구청,강동구청,강동구청역,8,main,3240,1636,63.28125,56.80555555555556,10,False,False,True,,
완료,263,몽촌토성_L8,몽촌토성,몽촌토성,몽촌토성역,8,main,3140,1636,61.328125,56.80555555555556,10,False,False,True,,
완료,264,잠실_L8,잠실,잠실,잠실역,8,main,2972,1800,58.046875,62.5,12,True,False,False,,
완료,265,석촌_L8,석촌,석촌,석촌역,8,main,3130,1964,61.1328125,68.19444444444444,10,False,False,True,,
완료,266,송파_L8,송파,송파,송파역,8,main,3216,2052,62.81250000000001,71.25,10,False,False,True,,
완료,267,가락시장_L8,가락시장,가락시장,가락시장역,8,main,3300,2140,64.453125,74.30555555555556,12,True,False,False,,
완료,268,문정_L8,문정,문정,문정역,8,main,3360,2204,65.625,76.52777777777777,10,False,False,True,,
완료,269,장지_L8,장지,장지,장지역,8,main,3420,2264,66.796875,78.61111111111111,10,False,False,True,,
완료,270,복정_L8,복정,복정,복정역,8,main,3480,2328,67.96875,80.83333333333333,10,False,False,True,,
완료,271,남위례_L8,남위례,남위례,남위례역,8,main,3628,2328,70.859375,80.83333333333333,10,False,False,True,,
완료,272,산성_L8,산성,산성,산성역,8,main,3768,2328,73.59375,80.83333333333333,10,False,False,True,,
완료,273,남한산성입구_L8,남한산성입구,남한산성입구,남한산성입구역,8,main,3768,2436,73.59375,84.58333333333333,10,False,False,True,,
완료,274,단대오거리_L8,단대오거리,단대오거리,단대오거리역,8,main,3768,2544,73.59375,88.33333333333333,10,False,False,True,,
완료,275,신흥_L8,신흥,신흥,신흥역,8,main,3768,2652,73.59375,92.08333333333333,10,False,False,True,,
완료,276,수진_L8,수진,수진,수진역,8,main,3580,2652,69.921875,92.08333333333333,10,False,False,True,,
완료,277,모란_L8,모란,모란,모란역,8,main,3392,2652,66.25,92.08333333333333,10,False,True,True,,
완료,278,개화_L9,개화,개화,개화역,9,main,688,800,13.4375,27.77777777777778,10,False,False,True,,
완료,279,김포공항_L9,김포공항,김포공항,김포공항역,9,main,788,960,15.390625,33.33333333333333,12,True,False,False,급행 정차,
완료,280,공항시장_L9,공항시장,공항시장,공항시장역,9,main,888,960,17.34375,33.33333333333333,10,False,False,True,,
완료,281,신방화_L9,신방화,신방화,신방화역,9,main,942,1014,18.3984375,35.208333333333336,10,False,False,True,,
완료,282,마곡나루_L9,마곡나루,마곡나루,마곡나루역,9,main,996,1068,19.453125,37.083333333333336,10,False,False,True,급행 정차,
완료,283,양천향교_L9,양천향교,양천향교,양천향교역,9,main,1048,1122,20.46875,38.958333333333336,10,False,False,True,,
완료,284,가양_L9,가양,가양,가양역,9,main,1102,1176,21.5234375,40.833333333333336,10,False,False,True,급행 정차,
완료,285,증미_L9,증미,증미,증미역,9,main,1156,1230,22.578125,42.70833333333333,10,False,False,True,,
완료,286,등촌_L9,등촌,등촌,등촌역,9,main,1210,1284,23.6328125,44.583333333333336,10,False,False,True,,
완료,287,염창_L9,염창,염창,염창역,9,main,1264,1338,24.6875,46.458333333333336,10,False,False,True,급행 정차,
완료,288,신목동_L9,신목동,신목동,신목동역,9,main,1316,1392,25.703125,48.333333333333336,10,False,False,True,,
완료,289,선유도_L9,선유도,선유도,선유도역,9,main,1370,1446,26.7578125,50.208333333333336,10,False,False,True,,
완료,290,당산_L9,당산,당산,당산역,9,main,1424,1500,27.8125,52.083333333333336,12,True,False,False,급행 정차,
완료,291,국회의사당_L9,국회의사당,국회의사당,국회의사당역,9,main,1554,1624,30.3515625,56.388888888888886,10,False,False,True,,
완료,292,여의도_L9,여의도,여의도,여의도역,9,main,1684,1750,32.890625,60.763888888888886,12,True,False,False,급행 정차,
완료,293,샛강_L9,샛강,샛강,샛강역,9,main,1800,1750,35.15625,60.763888888888886,10,False,False,True,,
완료,294,노량진_L9,노량진,노량진,노량진역,9,main,1916,1750,37.421875,60.763888888888886,10,False,False,True,급행 정차,
완료,295,노들_L9,노들,노들,노들역,9,main,2008,1750,39.21875,60.763888888888886,10,False,False,True,,
완료,296,흑석_L9,흑석,흑석,흑석역,9,main,2100,1750,41.015625,60.763888888888886,10,False,False,True,,다른 역(동작)과 좌표가 같음 — 확인 필요
완료,297,동작_L9,동작,동작,동작역,9,main,2200,1750,42.96875,60.763888888888886,12,True,False,False,급행 정차,다른 역(흑석)과 좌표가 같음 — 확인 필요
완료,298,구반포_L9,구반포,구반포,구반포역,9,main,2292,1820,44.765625,63.19444444444444,10,False,False,True,,
완료,299,신반포_L9,신반포,신반포,신반포역,9,main,2388,1892,46.640625,65.69444444444444,10,False,False,True,,
완료,300,고속터미널_L9,고속터미널,고속터미널,고속터미널역,9,main,2480,1964,48.4375,68.19444444444444,12,True,False,False,급행 정차,
완료,301,사평_L9,사평,사평,사평역,9,main,2548,1964,49.765625,68.19444444444444,10,False,False,True,,
완료,302,신논현_L9,신논현,신논현,신논현역,9,main,2616,1964,51.09375000000001,68.19444444444444,10,False,False,True,급행 정차,
완료,303,언주_L9,언주,언주,언주역,9,main,2696,1964,52.65625000000001,68.19444444444444,10,False,False,True,,
완료,304,선정릉_L9,선정릉,선정릉,선정릉역,9,main,2776,1964,54.21875000000001,68.19444444444444,10,False,False,True,급행 정차,
완료,305,삼성중앙_L9,삼성중앙,삼성중앙,삼성중앙역,9,main,2840,1964,55.46875,68.19444444444444,10,False,False,True,,
완료,306,봉은사_L9,봉은사,봉은사,봉은사역,9,main,2904,1964,56.71874999999999,68.19444444444444,10,False,False,True,급행 정차,다른 역(종합운동장)과 좌표가 같음 — 확인 필요
완료,307,종합운동장_L9,종합운동장,종합운동장,종합운동장역,9,main,2972,1964,58.046875,68.19444444444444,12,True,False,False,급행 정차,다른 역(봉은사)과 좌표가 같음 — 확인 필요
완료,308,삼전_L9,삼전,삼전,삼전역,9,main,2972,2116,58.046875,73.47222222222223,10,False,False,True,,
완료,309,석촌고분_L9,석촌고분,석촌고분,석촌고분역,9,main,3112,2116,60.78125,73.47222222222223,10,False,False,True,,
완료,310,석촌_L9,석촌,석촌,석촌역,9,main,3112,1964,60.78125,68.19444444444444,12,True,False,False,급행 정차,
완료,311,송파나루_L9,송파나루,송파나루,송파나루역,9,main,3300,1964,64.453125,68.19444444444444,10,False,False,True,,
완료,312,한성백제_L9,한성백제,한성백제,한성백제역,9,main,3488,1964,68.125,68.19444444444444,10,False,False,True,,
완료,313,올림픽공원_L9,올림픽공원,올림픽공원,올림픽공원역,9,main,3680,1964,71.875,68.19444444444444,12,True,False,False,급행 정차,
완료,314,둔촌오륜_L9,둔촌오륜,둔촌오륜,둔촌오륜역,9,main,3872,1964,75.625,68.19444444444444,10,False,False,True,,
완료,315,중앙보훈병원_L9,중앙보훈병원,중앙보훈병원,중앙보훈병원역,9,main,4060,1964,79.296875,68.19444444444444,10,False,False,True,급행 정차,
