station_uid,line_id,station_code,station_name,station_name_raw,renamed_from,in_project_scope,is_transfer_station,attribution_flag,share_in_station,attribution_note,coverage_full,n_months,first_ym,last_ym,total
1_150,1,150,서울역,서울역,,1,1,ok,0.7788,,1,48,2022-07,2026-06,170836566
1_151,1,151,시청,시청,,1,1,ok,0.5164,,1,48,2022-07,2026-06,73119495
1_152,1,152,종각,종각,,1,0,ok,1.0,,1,48,2022-07,2026-06,105320150
1_153,1,153,종로3가,종로3가,,1,1,ok,0.4815,,1,48,2022-07,2026-06,71598458
1_154,1,154,종로5가,종로5가,,1,0,ok,1.0,,1,48,2022-07,2026-06,67411869
1_155,1,155,동대문,동대문,,1,1,ok,0.3867,,1,48,2022-07,2026-06,34921467
1_156,1,156,신설동,신설동,,1,1,ok,0.78,,1,48,2022-07,2026-06,39069760
1_157,1,157,제기동,제기동,,1,0,ok,1.0,,1,48,2022-07,2026-06,48606989
1_158,1,158,청량리,청량리(서울시립대입구),,1,0,ok,1.0,,1,48,2022-07,2026-06,63425486
1_159,1,159,동묘앞,동묘앞,,1,1,ok,0.5397,,1,48,2022-07,2026-06,30200804
2_201,2,201,시청,시청,,1,1,ok,0.4836,,1,48,2022-07,2026-06,68470942
2_202,2,202,을지로입구,을지로입구,,1,0,ok,1.0,,1,48,2022-07,2026-06,135762396
2_203,2,203,을지로3가,을지로3가,,1,1,ok,0.6758,,1,48,2022-07,2026-06,67962176
2_204,2,204,을지로4가,을지로4가,,1,1,ok,0.6868,,1,48,2022-07,2026-06,38983788
2_205,2,205,동대문역사문화공원,동대문역사문화공원(DDP),,1,1,ok,0.4375,,1,48,2022-07,2026-06,46935564
2_206,2,206,신당,신당,,1,1,ok,0.6374,,1,48,2022-07,2026-06,42858819
2_207,2,207,상왕십리,상왕십리,,1,0,ok,1.0,,1,48,2022-07,2026-06,39645062
2_208,2,208,왕십리,왕십리(성동구청),,1,1,ok,0.7548,,1,48,2022-07,2026-06,43400060
2_209,2,209,한양대,한양대,,1,0,ok,1.0,,1,48,2022-07,2026-06,32538845
2_210,2,210,뚝섬,뚝섬,,1,0,ok,1.0,,1,48,2022-07,2026-06,69534540
2_211,2,211,성수,성수,,1,0,ok,1.0,,1,48,2022-07,2026-06,131994716
2_212,2,212,건대입구,건대입구,,1,1,ok,0.7305,,1,48,2022-07,2026-06,109480690
2_213,2,213,구의,구의(광진구청),,1,0,ok,1.0,,1,48,2022-07,2026-06,70007823
2_214,2,214,강변,강변(동서울터미널),,1,0,ok,1.0,,1,48,2022-07,2026-06,83058075
2_215,2,215,잠실나루,잠실나루,,1,0,ok,1.0,,1,48,2022-07,2026-06,40250365
2_216,2,216,잠실,잠실(송파구청),,1,1,ok,0.8031,,1,48,2022-07,2026-06,225999522
2_217,2,217,잠실새내,잠실새내,,1,0,ok,1.0,,1,48,2022-07,2026-06,65981539
2_218,2,218,종합운동장,종합운동장,,1,0,ok,1.0,,1,48,2022-07,2026-06,39616466
2_219,2,219,삼성,삼성(무역센터),,1,0,ok,1.0,,1,48,2022-07,2026-06,149992681
2_220,2,220,선릉,선릉,,1,0,ok,1.0,,1,48,2022-07,2026-06,140223421
2_221,2,221,역삼,역삼,,1,0,ok,1.0,,1,48,2022-07,2026-06,139146665
2_222,2,222,강남,강남,,1,0,ok,1.0,,1,48,2022-07,2026-06,218785666
2_223,2,223,교대,교대(법원.검찰청),,1,1,ok,0.722,,1,48,2022-07,2026-06,91432368
2_224,2,224,서초,서초,,1,0,ok,1.0,,1,48,2022-07,2026-06,59370629
2_225,2,225,방배,방배,,1,0,ok,1.0,,1,48,2022-07,2026-06,47477710
2_226,2,226,사당,사당,,1,1,ok,0.6327,,1,48,2022-07,2026-06,122705951
2_227,2,227,낙성대,낙성대(강감찬),,1,0,ok,1.0,,1,48,2022-07,2026-06,76889275
2_228,2,228,서울대입구,서울대입구(관악구청),,1,0,ok,1.0,,1,48,2022-07,2026-06,129176264
2_229,2,229,봉천,봉천,,1,0,ok,1.0,,1,48,2022-07,2026-06,65491198
2_230,2,230,신림,신림,,1,0,ok,1.0,,1,48,2022-07,2026-06,154595854
2_231,2,231,신대방,신대방,,1,0,ok,1.0,,1,48,2022-07,2026-06,70253285
2_232,2,232,구로디지털단지,구로디지털단지,,1,0,ok,1.0,,1,48,2022-07,2026-06,155680789
2_233,2,233,대림,대림(구로구청),,1,1,ok,0.725,,1,48,2022-07,2026-06,69577175
2_234,2,234,신도림,신도림,,1,0,ok,1.0,,1,48,2022-07,2026-06,139777586
2_235,2,235,문래,문래,,1,0,ok,1.0,,1,48,2022-07,2026-06,62424702
2_236,2,236,영등포구청,영등포구청,,1,1,ok,0.825,,1,48,2022-07,2026-06,61603939
2_237,2,237,당산,당산,,1,0,ok,1.0,,1,48,2022-07,2026-06,54985792
2_238,2,238,합정,합정,,1,1,ok,0.711,,1,48,2022-07,2026-06,96906358
2_239,2,239,홍대입구,홍대입구,,1,0,ok,1.0,,1,48,2022-07,2026-06,214230602
2_240,2,240,신촌,신촌,,1,0,ok,1.0,,1,48,2022-07,2026-06,109901209
2_241,2,241,이대,이대,,1,0,ok,1.0,,1,48,2022-07,2026-06,48619795
2_242,2,242,아현,아현,,1,0,ok,1.0,,1,48,2022-07,2026-06,29718871
2_243,2,243,충정로,충정로(경기대입구),,1,1,ok,0.6902,,1,48,2022-07,2026-06,28461160
2_244,2,244,용답,용답,,1,0,ok,1.0,,1,48,2022-07,2026-06,8831494
2_245,2,245,신답,신답,,1,0,ok,1.0,,1,48,2022-07,2026-06,4935913
2_246,2,246,신설동,신설동,,1,1,ok,0.22,,1,48,2022-07,2026-06,11020179
2_247,2,247,도림천,도림천,,1,0,ok,1.0,,1,48,2022-07,2026-06,3818914
2_248,2,248,양천구청,양천구청,,1,0,ok,1.0,,1,48,2022-07,2026-06,19704015
2_249,2,249,신정네거리,신정네거리,,1,0,ok,1.0,,1,48,2022-07,2026-06,29107082
2_250,2,250,용두,용두(동대문구청),,1,0,ok,1.0,,1,48,2022-07,2026-06,7047373
3_309,3,309,지축,지축,,1,0,ok,1.0,,1,48,2022-07,2026-06,19843005
3_310,3,310,구파발,구파발,,1,0,ok,1.0,,1,48,2022-07,2026-06,60654661
3_311,3,311,연신내,연신내,,1,1,ok,1.0,,1,48,2022-07,2026-06,98539325
3_312,3,312,불광,불광,,1,1,ok,0.7871,,1,48,2022-07,2026-06,48596070
3_313,3,313,녹번,녹번,,1,0,ok,1.0,,1,48,2022-07,2026-06,40910703
3_314,3,314,홍제,홍제,,1,0,ok,1.0,,1,48,2022-07,2026-06,49878586
3_315,3,315,무악재,무악재,,1,0,ok,1.0,,1,48,2022-07,2026-06,12060812
3_316,3,316,독립문,독립문,,1,0,ok,1.0,,1,48,2022-07,2026-06,22546753
3_317,3,317,경복궁,경복궁(정부서울청사),,1,0,ok,1.0,,1,48,2022-07,2026-06,74089984
3_318,3,318,안국,안국,,1,0,ok,1.0,,1,48,2022-07,2026-06,76981209
3_319,3,319,종로3가,종로3가,,1,1,ok,0.2228,,1,48,2022-07,2026-06,33137259
3_320,3,320,을지로3가,을지로3가,,1,1,ok,0.3242,,1,48,2022-07,2026-06,32600429
3_321,3,321,충무로,충무로,,1,1,negligible,0.0,"충무로 — 총합 136명, 승하차는 4호선에 전량 귀속",0,24,2022-07,2025-07,136
3_322,3,322,동대입구,동대입구,,1,0,ok,1.0,,1,48,2022-07,2026-06,32309330
3_323,3,323,약수,약수,,1,1,ok,0.7747,,1,48,2022-07,2026-06,35815034
3_324,3,324,금호,금호,,1,0,ok,1.0,,1,48,2022-07,2026-06,21982442
3_325,3,325,옥수,옥수,,1,0,ok,1.0,,1,48,2022-07,2026-06,26197757
3_326,3,326,압구정,압구정,,1,0,ok,1.0,,1,48,2022-07,2026-06,90347787
3_327,3,327,신사,신사,,1,0,ok,1.0,,1,48,2022-07,2026-06,78894448
3_328,3,328,잠원,잠원,,1,0,ok,1.0,,1,48,2022-07,2026-06,15296293
3_329,3,329,고속터미널,고속터미널,,1,1,ok,0.7538,,1,48,2022-07,2026-06,142438801
3_330,3,330,교대,교대(법원.검찰청),,1,1,ok,0.278,,1,48,2022-07,2026-06,35212662
3_331,3,331,남부터미널,남부터미널(예술의전당),,1,0,ok,1.0,,1,48,2022-07,2026-06,84867994
3_332,3,332,양재,양재(서초구청),,1,0,ok,1.0,,1,48,2022-07,2026-06,103929207
3_333,3,333,매봉,매봉,,1,0,ok,1.0,,1,48,2022-07,2026-06,33303885
3_334,3,334,도곡,도곡,,1,0,ok,1.0,,1,48,2022-07,2026-06,15744201
3_335,3,335,대치,대치,,1,0,ok,1.0,,1,48,2022-07,2026-06,34365109
3_336,3,336,학여울,학여울,,1,0,ok,1.0,,1,48,2022-07,2026-06,7215435
3_337,3,337,대청,대청,,1,0,ok,1.0,,1,48,2022-07,2026-06,28460475
3_338,3,338,일원,일원,,1,0,ok,1.0,,1,48,2022-07,2026-06,29447076
3_339,3,339,수서,수서,,1,0,ok,1.0,,1,48,2022-07,2026-06,53389934
3_340,3,340,가락시장,가락시장,,1,1,ok,0.5116,,1,48,2022-07,2026-06,25067892
3_341,3,341,경찰병원,경찰병원,,1,0,ok,1.0,,1,48,2022-07,2026-06,20293761
3_342,3,342,오금,오금,,1,1,ok,0.6269,,1,48,2022-07,2026-06,17043357
4_409,4,409,불암산,불암산,당고개,1,0,ok,1.0,,1,48,2022-07,2026-06,26052373
4_410,4,410,상계,상계,,1,0,ok,1.0,,1,48,2022-07,2026-06,52989507
4_411,4,411,노원,노원,,1,1,ok,0.5187,,1,48,2022-07,2026-06,65618724
4_412,4,412,창동,창동,,1,0,ok,1.0,,1,48,2022-07,2026-06,76794764
4_413,4,413,쌍문,쌍문,,1,0,ok,1.0,,1,48,2022-07,2026-06,78784415
4_414,4,414,수유,수유(강북구청),,1,0,ok,1.0,,1,48,2022-07,2026-06,96409808
4_415,4,415,미아,미아(서울사이버대학),,1,0,ok,1.0,,1,48,2022-07,2026-06,43151192
4_416,4,416,미아사거리,미아사거리,,1,0,ok,1.0,,1,48,2022-07,2026-06,74396139
4_417,4,417,길음,길음,,1,0,ok,1.0,,1,48,2022-07,2026-06,60081526
4_418,4,418,성신여대입구,성신여대입구(돈암),,1,0,ok,1.0,,1,48,2022-07,2026-06,61656752
4_419,4,419,한성대입구,한성대입구(삼선교),,1,0,ok,1.0,,1,48,2022-07,2026-06,40217974
4_420,4,420,혜화,혜화,,1,0,ok,1.0,,1,48,2022-07,2026-06,105650294
4_421,4,421,동대문,동대문,,1,1,ok,0.6133,,1,48,2022-07,2026-06,55387268
4_422,4,422,동대문역사문화공원,동대문역사문화공원(DDP),,1,1,ok,0.4777,,1,48,2022-07,2026-06,51251726
4_423,4,423,충무로,충무로,,1,1,ok,1.0,,1,48,2022-07,2026-06,84101980
4_424,4,424,명동,명동,,1,0,ok,1.0,,1,48,2022-07,2026-06,99872219
4_425,4,425,회현,회현(남대문시장),,1,0,ok,1.0,,1,48,2022-07,2026-06,77263950
4_426,4,426,서울역,서울역,,1,1,ok,0.2212,,1,48,2022-07,2026-06,48514084
4_427,4,427,숙대입구,숙대입구(갈월),,1,0,ok,1.0,,1,48,2022-07,2026-06,41802487
4_428,4,428,삼각지,삼각지(전쟁기념관),삼각지,1,1,ok,0.4881,,1,48,2022-07,2026-06,19750246
4_429,4,429,신용산,신용산,,1,0,ok,1.0,,1,48,2022-07,2026-06,58269630
4_430,4,430,이촌,이촌(국립중앙박물관),,1,0,ok,1.0,,1,48,2022-07,2026-06,29780282
4_431,4,431,동작,동작(현충원),,1,0,ok,1.0,,1,48,2022-07,2026-06,6289859
4_432,4,432,이수,총신대입구(이수),,1,1,ok,0.5535,,1,48,2022-07,2026-06,56677716
4_433,4,433,사당,사당,,1,1,ok,0.3673,,1,48,2022-07,2026-06,71223767
4_434,4,434,남태령,남태령,,1,0,ok,1.0,,1,48,2022-07,2026-06,3763154
5_2511,5,2511,방화,방화,,1,0,ok,1.0,,1,48,2022-07,2026-06,19280816
5_2512,5,2512,개화산,개화산,,1,0,ok,1.0,,1,48,2022-07,2026-06,16403612
5_2513,5,2513,김포공항,김포공항,,1,0,ok,1.0,,1,48,2022-07,2026-06,27113193
5_2514,5,2514,송정,송정,,1,0,ok,1.0,,1,48,2022-07,2026-06,17635278
5_2515,5,2515,마곡,마곡,,1,0,ok,1.0,,1,48,2022-07,2026-06,34540063
5_2516,5,2516,발산,발산,,1,0,ok,1.0,,1,48,2022-07,2026-06,63156993
5_2517,5,2517,우장산,우장산,,1,0,ok,1.0,,1,48,2022-07,2026-06,41076347
5_2518,5,2518,화곡,화곡,,1,0,ok,1.0,,1,48,2022-07,2026-06,77017724
5_2519,5,2519,까치산,까치산,,1,0,ok,1.0,,1,48,2022-07,2026-06,76900602
5_2520,5,2520,신정,신정(은행정),,1,0,ok,1.0,,1,48,2022-07,2026-06,34258194
5_2521,5,2521,목동,목동,,1,0,ok,1.0,,1,48,2022-07,2026-06,47553650
5_2522,5,2522,오목교,오목교(목동운동장앞),,1,0,ok,1.0,,1,48,2022-07,2026-06,61419967
5_2523,5,2523,양평,양평,,1,0,ok,1.0,,1,48,2022-07,2026-06,20853194
5_2524,5,2524,영등포구청,영등포구청,,1,1,ok,0.175,,1,48,2022-07,2026-06,13068947
5_2525,5,2525,영등포시장,영등포시장,,1,0,ok,1.0,,1,48,2022-07,2026-06,32568504
5_2526,5,2526,신길,신길,,1,0,ok,1.0,,1,48,2022-07,2026-06,13677645
5_2527,5,2527,여의도,여의도,,1,0,ok,1.0,,1,48,2022-07,2026-06,79207588
5_2528,5,2528,여의나루,여의나루,,1,0,ok,1.0,,1,48,2022-07,2026-06,42522647
5_2529,5,2529,마포,마포,,1,0,ok,1.0,,1,48,2022-07,2026-06,40200163
5_2530,5,2530,공덕,공덕,,1,1,ok,0.439,,1,48,2022-07,2026-06,39966289
5_2531,5,2531,애오개,애오개,,1,0,ok,1.0,,1,48,2022-07,2026-06,18251190
5_2532,5,2532,충정로,충정로(경기대입구),,1,1,ok,0.3098,,1,48,2022-07,2026-06,12775169
5_2533,5,2533,서대문,서대문,,1,0,ok,1.0,,1,48,2022-07,2026-06,52414664
5_2534,5,2534,광화문,광화문(세종문화회관),,1,0,ok,1.0,,1,48,2022-07,2026-06,94351772
5_2535,5,2535,종로3가,종로3가,,1,1,ok,0.2957,,1,48,2022-07,2026-06,43966183
5_2536,5,2536,을지로4가,을지로4가,,1,1,ok,0.3132,,1,48,2022-07,2026-06,17780624
5_2537,5,2537,동대문역사문화공원,동대문역사문화공원(DDP),,1,1,ok,0.0848,,1,48,2022-07,2026-06,9097151
5_2538,5,2538,청구,청구,,1,1,ok,0.4902,,1,48,2022-07,2026-06,10128377
5_2539,5,2539,신금호,신금호,,1,0,ok,1.0,,1,48,2022-07,2026-06,18212651
5_2540,5,2540,행당,행당,,1,0,ok,1.0,,1,48,2022-07,2026-06,21298790
5_2541,5,2541,왕십리,왕십리(성동구청),,1,1,ok,0.2452,,1,48,2022-07,2026-06,14102344
5_2542,5,2542,마장,마장,,1,0,ok,1.0,,1,48,2022-07,2026-06,16157432
5_2543,5,2543,답십리,답십리,,1,0,ok,1.0,,1,48,2022-07,2026-06,43966357
5_2544,5,2544,장한평,장한평,,1,0,ok,1.0,,1,48,2022-07,2026-06,53574393
5_2545,5,2545,군자,군자(능동),,1,1,ok,0.478,,1,48,2022-07,2026-06,35054686
5_2546,5,2546,아차산,아차산(어린이대공원후문),,1,0,ok,1.0,,1,48,2022-07,2026-06,42204315
5_2547,5,2547,광나루,광나루(장신대),,1,0,ok,1.0,,1,48,2022-07,2026-06,34967880
5_2548,5,2548,천호,천호(풍납토성),,1,1,ok,0.5316,,1,48,2022-07,2026-06,55712715
5_2549,5,2549,강동,강동,,1,0,ok,1.0,,1,48,2022-07,2026-06,51013130
5_2550,5,2550,길동,길동,,1,0,ok,1.0,,1,48,2022-07,2026-06,24306761
5_2551,5,2551,굽은다리,굽은다리(강동구민회관앞),,1,0,ok,1.0,,1,48,2022-07,2026-06,27154913
5_2552,5,2552,명일,명일,,1,0,ok,1.0,,1,48,2022-07,2026-06,24416085
5_2553,5,2553,고덕,고덕,,1,0,ok,1.0,,1,48,2022-07,2026-06,28367667
5_2554,5,2554,상일동,상일동,,1,0,ok,1.0,,1,48,2022-07,2026-06,39604746
5_2555,5,2555,둔촌동,둔촌동,,1,0,ok,1.0,,1,48,2022-07,2026-06,29071177
5_2556,5,2556,올림픽공원,올림픽공원(한국체대),,1,0,ok,1.0,,1,48,2022-07,2026-06,14847988
5_2557,5,2557,방이,방이,,1,0,ok,1.0,,1,48,2022-07,2026-06,21120863
5_2558,5,2558,오금,오금,,1,1,ok,0.3731,,1,48,2022-07,2026-06,10142239
5_2559,5,2559,개롱,개롱,,1,0,ok,1.0,,1,48,2022-07,2026-06,18564043
5_2560,5,2560,거여,거여,,1,0,ok,1.0,,1,48,2022-07,2026-06,27668636
5_2561,5,2561,마천,마천,,1,0,ok,1.0,,1,48,2022-07,2026-06,19846664
5_2562,5,2562,강일,강일,,1,0,ok,1.0,,1,48,2022-07,2026-06,15694531
5_2563,5,2563,미사,미사,,1,0,ok,1.0,,1,48,2022-07,2026-06,50361670
5_2564,5,2564,하남풍산,하남풍산,,1,0,ok,1.0,,1,48,2022-07,2026-06,12687033
5_2565,5,2565,하남시청,하남시청(덕풍·신장),,1,0,ok,1.0,,1,48,2022-07,2026-06,22840161
5_2566,5,2566,하남검단산,하남검단산,,1,0,ok,1.0,,1,48,2022-07,2026-06,18724294
6_2611,6,2611,응암,응암,,1,0,ok,1.0,,1,48,2022-07,2026-06,49587395
6_2612,6,2612,역촌,역촌,,1,0,ok,1.0,,1,48,2022-07,2026-06,11683192
6_2613,6,2613,불광,불광,,1,1,ok,0.2129,,1,48,2022-07,2026-06,13144207
6_2614,6,2614,독바위,독바위,,1,0,ok,1.0,,1,48,2022-07,2026-06,7976853
6_2615,6,2615,연신내,연신내,,1,1,none,0.0,"연신내 — 전 기간 0, 승하차는 3호선에 전량 귀속",0,24,2022-07,2025-07,0
6_2616,6,2616,구산,구산,,1,0,ok,1.0,,1,48,2022-07,2026-06,20014090
6_2617,6,2617,새절,새절(신사),,1,0,ok,1.0,,1,48,2022-07,2026-06,34551956
6_2618,6,2618,증산,증산(명지대앞),,1,0,ok,1.0,,1,48,2022-07,2026-06,27242354
6_2619,6,2619,디지털미디어시티,디지털미디어시티,,1,0,ok,1.0,,1,48,2022-07,2026-06,41838499
6_2620,6,2620,월드컵경기장,월드컵경기장(성산),,1,0,ok,1.0,,1,48,2022-07,2026-06,18326536
6_2621,6,2621,마포구청,마포구청,,1,0,ok,1.0,,1,48,2022-07,2026-06,38882237
6_2622,6,2622,망원,망원,,1,0,ok,1.0,,1,48,2022-07,2026-06,46229559
6_2623,6,2623,합정,합정,,1,1,ok,0.289,,1,48,2022-07,2026-06,39390126
6_2624,6,2624,상수,상수,,1,0,ok,1.0,,1,48,2022-07,2026-06,31656585
6_2625,6,2625,광흥창,광흥창(서강),,1,0,ok,1.0,,1,48,2022-07,2026-06,25531018
6_2626,6,2626,대흥,대흥(서강대앞),,1,0,ok,1.0,,1,48,2022-07,2026-06,26773875
6_2627,6,2627,공덕,공덕,,1,1,ok,0.561,,1,48,2022-07,2026-06,51077632
6_2628,6,2628,효창공원앞,효창공원앞,,1,0,ok,1.0,,1,48,2022-07,2026-06,20190044
6_2629,6,2629,삼각지,삼각지(전쟁기념관),삼각지,1,1,ok,0.5119,,1,48,2022-07,2026-06,20711099
6_2630,6,2630,녹사평,녹사평(용산구청),,1,0,ok,1.0,,1,48,2022-07,2026-06,15492125
6_2631,6,2631,이태원,이태원,,1,0,ok,1.0,,1,48,2022-07,2026-06,36522034
6_2632,6,2632,한강진,한강진,,1,0,ok,1.0,,1,48,2022-07,2026-06,31590956
6_2633,6,2633,버티고개,버티고개,,1,0,ok,1.0,,1,48,2022-07,2026-06,6242820
6_2634,6,2634,약수,약수,,1,1,ok,0.2253,,1,48,2022-07,2026-06,10417212
6_2635,6,2635,청구,청구,,1,1,ok,0.5098,,1,48,2022-07,2026-06,10532379
6_2636,6,2636,신당,신당,,1,1,ok,0.3626,,1,48,2022-07,2026-06,24383414
6_2637,6,2637,동묘앞,동묘앞,,1,1,ok,0.4603,,1,48,2022-07,2026-06,25757615
6_2638,6,2638,창신,창신,,1,0,ok,1.0,,1,48,2022-07,2026-06,9208915
6_2639,6,2639,보문,보문,,1,0,ok,1.0,,1,48,2022-07,2026-06,21736697
6_2640,6,2640,안암,안암(고대병원앞),,1,0,ok,1.0,,1,48,2022-07,2026-06,36115103
6_2641,6,2641,고려대,고려대(종암),,1,0,ok,1.0,,1,48,2022-07,2026-06,24507048
6_2642,6,2642,월곡,월곡(동덕여대),,1,0,ok,1.0,,1,48,2022-07,2026-06,33181014
6_2643,6,2643,상월곡,상월곡(한국과학기술연구원),,1,0,ok,1.0,,1,48,2022-07,2026-06,17761319
6_2644,6,2644,돌곶이,돌곶이,,1,0,ok,1.0,,1,48,2022-07,2026-06,28506790
6_2645,6,2645,석계,석계,,1,0,ok,1.0,,1,48,2022-07,2026-06,35379351
6_2646,6,2646,태릉입구,태릉입구,,1,1,ok,0.413,,1,48,2022-07,2026-06,17643950
6_2647,6,2647,화랑대,화랑대(서울여대입구),,1,0,ok,1.0,,1,48,2022-07,2026-06,29744812
6_2648,6,2648,봉화산,봉화산(서울의료원),,1,0,ok,1.0,,1,48,2022-07,2026-06,23903153
6_2649,6,2649,신내,신내,,1,0,none,0.0,"신내 — 전 기간 0 (경춘선 공용역, 코레일 집계 추정)",0,24,2022-07,2025-08,0
7_2711,7,2711,장암,장암,,1,0,ok,1.0,,1,48,2022-07,2026-06,5572095
7_2712,7,2712,도봉산,도봉산,,1,0,ok,1.0,,1,48,2022-07,2026-06,27928199
7_2713,7,2713,수락산,수락산,,1,0,ok,1.0,,1,48,2022-07,2026-06,35651723
7_2714,7,2714,마들,마들,,1,0,ok,1.0,,1,48,2022-07,2026-06,35899019
7_2715,7,2715,노원,노원,,1,1,ok,0.4813,,1,48,2022-07,2026-06,60899183
7_2716,7,2716,중계,중계,,1,0,ok,1.0,,1,48,2022-07,2026-06,39359965
7_2717,7,2717,하계,하계,,1,0,ok,1.0,,1,48,2022-07,2026-06,49059690
7_2718,7,2718,공릉,공릉(서울과학기술대),,1,0,ok,1.0,,1,48,2022-07,2026-06,34554125
7_2719,7,2719,태릉입구,태릉입구,,1,1,ok,0.587,,1,48,2022-07,2026-06,25074061
7_2720,7,2720,먹골,먹골,,1,0,ok,1.0,,1,48,2022-07,2026-06,28637212
7_2721,7,2721,중화,중화,,1,0,ok,1.0,,1,48,2022-07,2026-06,29861129
7_2722,7,2722,상봉,상봉,상봉(시외버스터미널),1,0,ok,1.0,,1,48,2022-07,2026-06,48291324
7_2723,7,2723,면목,면목,,1,0,ok,1.0,,1,48,2022-07,2026-06,41560622
7_2724,7,2724,사가정,사가정,,1,0,ok,1.0,,1,48,2022-07,2026-06,45271354
7_2725,7,2725,용마산,용마산(용마폭포공원),,1,0,ok,1.0,,1,48,2022-07,2026-06,16326596
7_2726,7,2726,중곡,중곡,,1,0,ok,1.0,,1,48,2022-07,2026-06,29462642
7_2727,7,2727,군자,군자(능동),,1,1,ok,0.522,,1,48,2022-07,2026-06,38286922
7_2728,7,2728,어린이대공원,어린이대공원(세종대),,1,0,ok,1.0,,1,48,2022-07,2026-06,46044560
7_2729,7,2729,건대입구,건대입구,,1,1,ok,0.2695,,1,48,2022-07,2026-06,40399425
7_2730,7,2730,자양,자양(뚝섬한강공원),뚝섬유원지,1,0,ok,1.0,,1,48,2022-07,2026-06,28519206
7_2731,7,2731,청담,청담,,1,0,ok,1.0,,1,48,2022-07,2026-06,52843708
7_2732,7,2732,강남구청,강남구청,,1,0,ok,1.0,,1,48,2022-07,2026-06,46048279
7_2733,7,2733,학동,학동,,1,0,ok,1.0,,1,48,2022-07,2026-06,62367075
7_2734,7,2734,논현,논현,,1,0,ok,1.0,,1,48,2022-07,2026-06,50371382
7_2735,7,2735,반포,반포,,1,0,ok,1.0,,1,48,2022-07,2026-06,17812512
7_2736,7,2736,고속터미널,고속터미널,,1,1,ok,0.2462,,1,48,2022-07,2026-06,46528277
7_2737,7,2737,내방,내방,,1,0,ok,1.0,,1,48,2022-07,2026-06,39964607
7_2738,7,2738,이수,이수,,1,1,ok,0.4465,,1,48,2022-07,2026-06,45726615
7_2739,7,2739,남성,남성,,1,0,ok,1.0,,1,48,2022-07,2026-06,30916883
7_2740,7,2740,숭실대입구,숭실대입구(살피재),,1,0,ok,1.0,,1,48,2022-07,2026-06,39156369
7_2741,7,2741,상도,상도,,1,0,ok,1.0,,1,48,2022-07,2026-06,33300582
7_2742,7,2742,장승배기,장승배기,,1,0,ok,1.0,,1,48,2022-07,2026-06,25744311
7_2743,7,2743,신대방삼거리,신대방삼거리,,1,0,ok,1.0,,1,48,2022-07,2026-06,40960973
7_2744,7,2744,보라매,보라매,,1,0,ok,1.0,,1,48,2022-07,2026-06,19648561
7_2745,7,2745,신풍,신풍,,1,0,ok,1.0,,1,48,2022-07,2026-06,31884093
7_2746,7,2746,대림,대림(구로구청),,1,1,ok,0.275,,1,48,2022-07,2026-06,26385425
7_2747,7,2747,남구로,남구로,,1,0,ok,1.0,,1,48,2022-07,2026-06,41454011
7_2748,7,2748,가산디지털단지,가산디지털단지,,1,0,ok,1.0,,1,48,2022-07,2026-06,110657133
7_2749,7,2749,철산,철산,,1,0,ok,1.0,,1,48,2022-07,2026-06,60602090
7_2750,7,2750,광명사거리,광명사거리,,1,0,ok,1.0,,1,48,2022-07,2026-06,59151239
7_2751,7,2751,천왕,천왕,,1,0,ok,1.0,,1,48,2022-07,2026-06,31336523
7_2752,7,2752,온수,온수(성공회대입구),,1,0,ok,1.0,,1,48,2022-07,2026-06,26588490
7_2753,7,2753,까치울,까치울,,0,0,none,0.0,,0,10,2023-01,2025-07,0
7_2755,7,2755,춘의,춘의,,0,0,none,0.0,,0,3,2023-01,2024-03,0
7_2756,7,2756,신중동,신중동,,0,0,none,0.0,,0,3,2023-01,2023-06,0
7_2757,7,2757,부천시청,부천시청,,0,0,none,0.0,,0,3,2023-03,2023-11,0
7_2758,7,2758,상동,상동,,0,0,none,0.0,,0,3,2023-02,2025-07,0
7_2759,7,2759,삼산체육관,삼산체육관,,0,0,none,0.0,,0,2,2023-01,2023-04,0
7_2760,7,2760,굴포천,굴포천,,0,0,none,0.0,,0,2,2023-03,2023-12,0
8_2810,8,2810,암사역사공원,암사역사공원,,1,0,ok,1.0,,0,24,2024-07,2026-06,8154902
8_2811,8,2811,암사,암사,,1,0,ok,1.0,,1,48,2022-07,2026-06,46715140
8_2812,8,2812,천호,천호(풍납토성),,1,1,ok,0.4684,,1,48,2022-07,2026-06,49089997
8_2813,8,2813,강동구청,강동구청,,1,0,ok,1.0,,1,48,2022-07,2026-06,29375046
8_2814,8,2814,몽촌토성,몽촌토성(평화의문),,1,0,ok,1.0,,1,48,2022-07,2026-06,20521200
8_2815,8,2815,잠실,잠실(송파구청),,1,1,ok,0.1969,,1,48,2022-07,2026-06,55400301
8_2816,8,2816,석촌,석촌,,1,0,ok,1.0,,1,48,2022-07,2026-06,25573334
8_2817,8,2817,송파,송파,,1,0,ok,1.0,,1,48,2022-07,2026-06,26167018
8_2818,8,2818,가락시장,가락시장,,1,1,ok,0.4884,,1,48,2022-07,2026-06,23933622
8_2819,8,2819,문정,문정,,1,0,ok,1.0,,1,48,2022-07,2026-06,58493599
8_2820,8,2820,장지,장지,,1,0,ok,1.0,,1,48,2022-07,2026-06,46377919
8_2821,8,2821,복정,복정,,1,0,ok,1.0,,1,48,2022-07,2026-06,24674973
8_2822,8,2822,산성,산성,,1,0,ok,1.0,,1,48,2022-07,2026-06,16757007
8_2823,8,2823,남한산성입구,남한산성입구(성남법원.검찰청),,1,0,ok,1.0,,1,48,2022-07,2026-06,36049087
8_2824,8,2824,단대오거리,단대오거리,,1,0,ok,1.0,,1,48,2022-07,2026-06,32693857
8_2825,8,2825,신흥,신흥,,1,0,ok,1.0,,1,48,2022-07,2026-06,14936285
8_2826,8,2826,수진,수진,,1,0,ok,1.0,,1,48,2022-07,2026-06,15083218
8_2827,8,2827,모란,모란,,1,0,ok,1.0,,1,48,2022-07,2026-06,13300003
8_2828,8,2828,남위례,남위례,,1,0,ok,1.0,,1,48,2022-07,2026-06,19983314
